-.2274377545,.2606375046,-.3821723148
-.2282123755,.2982196591,-.2941520487
-.2318059585,.3323753160,-.2137367375
-.2376127595,.3638407682,-.1388204337
-.2452465245,.3930855121,-.6805511702e-1
-.2544443035,.4204291719,-.5114687714e-3
-.2650189065,.4460992772,.6448791815e-1
-.2768329465,.4702628239,.1274594338
-.2897836085,.4930447871,.1888119057
-.3037932165,.5145395840,.2488800574
-.3188031535,.5348184620,.3079465957
-.3347698585,.5539343718,.3662575004
-.3516621465,.5719252198,.4240331388
-.2255915489,.2711708645,-.4540618781
-.2236535023,.3120503157,-.3582261724
-.2252434587,.3486414145,-.2724657878
-.2294636888,.3820353720,-.1936542963
-.2357800061,.4128814973,-.1199340393
-.2438450036,.4416020715,-.5008969474e-1
-.2534189984,.4684884334,.1673007791e-1
-.2643297877,.4937498981,.8115371250e-1
-.2764502140,.5175410274,.1436652906
-.2896847880,.5399778917,.2046515760
-.3039613090,.5611482502,.2644318738
-.3192254270,.5811181662,.3232780033
-.3354370380,.5999363902,.3814282923
-.2285829474,.2774268806,-.5389253059
-.2227944193,.3229866593,-.4313687576
-.2217596769,.3627681258,-.3381821795
-.2240028070,.3985652828,-.2541983420
-.2287330338,.4313393291,-.1766657554
-.2354685911,.4616758610,-.1039079848
-.2438913144,.4899616140,-.3480917736e-1
-.2537793804,.5164662168,.3142247991e-1
-.2649722685,.5413847850,.9537752367e-1
-.2773508949,.5648620675,.1575147955
-.2908256146,.5870070305,.2182037043
-.3053286414,.6079020675,.2777513848
-.3208090972,.6276090225,.3364210549
-.2388699944,.2765263400,-.6450628500
-.2268490573,.3296617197,-.5174525206
-.2221136946,.3739413566,-.4131634526
-.2217710447,.4128815736,-.3219761804
-.2245241340,.4480588653,-.2393570744
-.2296574174,.4803429901,-.1628176351
-.2367271697,.5102733031,-.9081254457e-1
-.2454369006,.5382101917,-.2229940379e-1
-.2555782355,.5644069422,.4346901136e-1
-.2669995575,.5890478450,.1070545388
-.2795879969,.6122700960,.1688967670
-.2932584511,.6341771400,.2293517996
-.3079465912,.6548471680,.2887174142
-.2639113558,.2595351077,-.7987207576
-.2382274912,.3292780147,-.6245263655
-.2275672402,.3807594584,-.5013831601
-.2235828342,.4241262944,-.3993973251
-.2237455636,.4624522138,-.3096522101
-.2268762102,.4971705779,-.2280302748
-.2323106333,.5290886621,-.1522223260
-.2396317092,.5587134870,-.8077449463e-1
-.2485583479,.5863867212,-.1269640234e-1
-.2588918432,.6123498962,.5272724080e-1
-.2704870416,.6367794492,.1160375658
-.2832356202,.6598070482,.1776601843
-.2970558220,.6815320712,.2379415066
-.3174592884+.5588825480e-1*I,.2098991623+.6793315367e-1*I,-1.047197551+.2044899177*I
-.2638864866,.3135415639,-.7768920103
-.2406102171,.3803579977,-.6110780109
-.2307965636,.4308103866,-.4906917789
-.2272952752,.4735899839,-.3901751693
-.2277883563,.5115143558,-.3013642427
-.2311681489,.5459298786,-.2203939359
-.2368025531,.5776048816,-.1450666357
-.2442912930,.6070259072,-.7398627900e-1
-.2533631432,.6345226342,-.6195722384e-2
-.2638256414,.6603290052,.5899976168e-1
-.2755378363,.6846163462,.1221278971
-.2883943795,.7075127132,.1836052143
-.3056217758+.1074910081*I,.2419475322+.1306572052*I,-1.047197552+.3863619651*I
-.3245225149+.5213093495e-1*I,.2574970725+.6336606546e-1*I,-1.047197552+.1909125344*I
-.2683534755,.3642952449,-.7669520012
-.2461129722,.4298526872,-.6047253302
-.2366876968,.4798329949,-.4855977155
-.2334121501,.5223381993,-.3857641047
-.2340609928,.5600732407,-.2973912432
-.2375588989,.5943451944,-.2167280378
-.2432884577,.6259045352,-.1416279749
-.2508571882,.6552283312,-.7072170734e-1
-.2599984589,.6826406762,-.3067548309e-2
-.2705227301,.7083719602,.6201962795e-1
-.2822910257,.7325911112,.1250612647
-.2953034948+.1447862017*I,.2746114529+.1759901669*I,-1.047197552+.5109365301*I
-.3142042333+.1078810113*I,.2901609929+.1311312609*I,-1.047197552+.3876976258*I
-.3331049724+.5288815674e-1*I,.3057105333+.6428648183e-1*I,-1.047197552+.1936516943*I
-.2774374738,.4118990747,-.7688743947
-.2549994849,.4776965635,-.6059646308
-.2454990096,.5277682781,-.4865936271
-.2421795506,.5703268587,-.3866273349
-.2427980239,.6080988137,-.2981691867
-.2462728688,.6423987992,-.2174461124
-.2519838312,.6739807442,-.1423017160
-.2595369191,.7033235542,-.7136146536e-1
-.2686646059,.7307524102,-.3680671556e-2
-.2791767858,.7564983932,.6142765852e-1
-.2867077644+.1775060405*I,.3079733033+.2157617046*I,-1.047197551+.6145867239*I
-.3056085036+.1471892811*I,.3235228439+.1789111519*I,-1.047197552+.5187341318*I
-.3245092419+.1109258822*I,.3390723836+.1348323548*I,-1.047197552+.3981027721*I
-.3434099813+.5854907434e-1*I,.3546219244+.7116742650e-1*I,-1.047197552+.2140827108*I
-.2918480596,.4558200640,-.7845720888
-.2677460865,.5236401559,-.6158903177
-.2576333624,.5744560697,-.4945322159
-.2539600064,.6174448187,-.3934934858
-.2543349604,.6555127770,-.3043492990
-.2576254512,.6900368480,-.2231460224
-.2631880606,.7217991190,-.1476466430
-.2706165377,.7512933940,-.7643460794e-1
-.2796361489,.7788536190,-.8540957086e-2
-.2801044643+.2083183648*I,.3421424320+.2532146252*I,-1.047197551+.7071207636*I
-.2990052041+.1816537327*I,.3576919728+.2208032973*I,-1.047197552+.6273315185*I
-.3179059424+.1519315415*I,.3732415126+.1846754527*I,-1.047197552+.5340371328*I
-.3368066817+.1168412765*I,.3887910533+.1420226203*I,-1.047197551+.4182000913*I
-.3557074206+.6858681431e-1*I,.4043405935+.8336847538e-1*I,-1.047197552+.2500902501*I
-.3132892744,.4944243168,-.8193030048
-.2851549165,.5671458411,-.6365250946
-.2737100015,.6195810570,-.5108110357
-.2692887232,.6634789180,-.4074880929
-.2691562430,.7021636705,-.3169024367
-.2720658167,.7371507525,-.2346980186
-.2773236310,.7692835075,-.1584621866
-.2844971453,.7990876955,-.8668809370e-1
-.2758645652+.2385484068*I,.3772691454+.2899597715*I,-1.047197551+.7931175880*I
-.2947653047+.2142654730*I,.3928186859+.2604434395*I,-1.047197551+.7244109614*I
-.3136660444+.1881425518*I,.4083682268+.2286905705*I,-1.047197552+.6470900031*I
-.3325667836+.1592768756*I,.4239177678+.1936038352*I,-1.047197551+.5575156442*I
-.3514675225+.1257942890*I,.4394673078+.1529051640*I,-1.047197552+.4483149164*I
-.3703682618+.8223660604e-1*I,.4550168487+.9996003670e-1*I,-1.047197551+.2985429645*I
-.3466672661,.5223495448,-.8895813490
-.3086252848,.6071139601,-.6716654456
-.2947084263,.6625538665,-.5377640654
-.2889783807,.7080425572,-.4303900517
-.2879815605,.7477779302,-.3373137207
-.2902524193,.7835413812,-.2534046066
-.2950044527,.8162889222,-.1759261546
-.2745222151+.2691238773*I,.4135698663+.3271247919*I,-1.047197552+.8754045531*I
-.2934229548+.2465416778*I,.4291194071+.2996757322*I,-1.047197552+.8150776368*I
-.3123236935+.2227588685*I,.4446689475+.2707673107*I,-1.047197551+.7487864979*I
-.3312244329+.1973418451*I,.4602184885+.2398724734*I,-1.047197551+.6747249823*I
-.3501251720+.1695572792*I,.4757680286+.2060998460*I,-1.047197552+.5899122405*I
-.3690259108+.1379822979*I,.4913175691+.1677199027*I,-1.047197551+.4887037314*I
-.3879266500+.9905621827e-1*I,.5068671095+.1204045703*I,-1.047197551+.3573166205*I
-.4068273889+.3269144823e-1*I,.5224166499+.3973702857e-1*I,-1.047197551+.1201609779*I
-.3409277949,.6410424827,-.7294333543
-.3222877572,.7022234949,-.5795798973
-.3143316783,.7504179698,-.4651758873
-.3119336600,.7918565218,-.3679750287
-.3131964483,.8288453018,-.2813132837
-.2768973358+.3009260388*I,.4513768043+.3657808770*I,-1.047197551+.9562200763*I
-.2957980759+.2796348654*I,.4669263450+.3399010820*I,-1.047197551+.9026399584*I
-.3146988145+.2575236147*I,.4824758853+.3130244691*I,-1.047197552+.8447282384*I
-.3335995532+.2343602839*I,.4980254257+.2848690345*I,-1.047197551+.7814827330*I
-.3525002930+.2097966853*I,.5135749665+.2550115495*I,-1.047197552+.7114358829*I
-.3714010311+.1832706538*I,.5291245066+.2227686935*I,-1.047197551+.6322756089*I
-.3903017706+.1537699323*I,.5446740471+.1869100491*I,-1.047197551+.5399390318*I
-.4092025098+.1191042737*I,.5602235877+.1447733331*I,-1.047197551+.4258468677*I
-.4281032486+.7218061017e-1*I,.5757731280+.8773679740e-1*I,-1.047197551+.2629074105*I
-.3897137557,.6609599507,-.8345141515
-.3596465253,.7360309165,-.6449319051
-.3476345371,.7891554202,-.5173510894
-.3429040112,.8334291772,-.4130769303
-.1815874855,.2719255928,-.2926287251
-.1852258715,.3060267905,-.2123292270
-.1910688945,.3374482133,-.1374988802
-.1987331875,.3666558517,-.6679953858e-1
-.2079575125,.3939672429,.6923490547e-3
-.2185557745,.4196085897,.6565061061e-1
-.2303913305,.4437459853,.1285892783
-.2433618915,.4665037601,.1899155725
-.2573901755,.4879758549,.2499631024
-.2724178725,.5082331461,.3090137849
-.2884016655,.5273282855,.3673130438
-.3053105775,.5452989280,.4250808648
-.3231242205,.5621698530,.4825202680
-.1759214253,.2860844536,-.3544937542
-.1776349655,.3225253350,-.2690718800
-.1819511474,.3558026609,-.1905028537
-.1883460301,.3865532895,-.1169644795
-.1964778672,.4151926188,-.4726072644e-1
-.2061104090,.4420078160,.1944828348e-1
-.2170736860,.4672054810,.8378371746e-1
-.2292420775,.4909383083,.1462248347
-.2425212005,.5133210210,.2071550909
-.2568396905,.5344403660,.2668914759
-.2721438505,.5543616120,.3257041702
-.2883941055,.5731328620,.3838303536
-.3055626445,.5907879220,.4414843950
-.1737315640,.2975589846,-.4248290623
-.1729486482,.3370343514,-.3323731194
-.1753763818,.3726071198,-.2488856273
-.1802520214,.4052044144,-.1717131718
-.1871078593,.4353947440,-.9922781078e-1
-.1956336913,.4635551663,-.3034070359e-1
-.2056126137,.4899493310,.3572362705e-1
-.2168873532,.5147684079,.9954523698e-1
-.2293410834,.5381544010,.1615759501
-.2428858065,.5602142730,.2221803310
-.2574549875,.5810288980,.2816621125
-.2729987365,.6006589190,.3402821052
-.2894806030,.6191486420,.3982709434
-.1760877330,.3051445026,-.5070371343
-.1718425788,.3488282812,-.4042541985
-.1718287093,.3873688607,-.3140068967
-.1748269279,.4222481940,-.2320365160
-.1801554636,.4542949862,-.1559724050
-.1873880097,.4840274194,-.8432915248e-1
-.1962381384,.5117936534,-.1609835607e-1
-.2065037785,.5378393078,.4944636393e-1
-.2180375236,.5623435588,.1128533508
-.2307294620,.5854400060,.1745530893
-.2444966627,.6072294520,.2348953726
-.2592764642,.6277880640,.2941735345
-.2750220557,.6471727420,.3526410454
-.1850312193,.3064755694,-.6079047968
-.1754124669,.3566910502,-.4881506821
-.1720241389,.3993333436,-.3879761243
-.1725950508,.4371631099,-.2993842875
-.1760338115,.4715069566,-.2185674470
-.1817156930,.5031242498,-.1433536466
-.1892443275,.5324967830,-.7236021425e-1
-.1983507888,.5599514397,-.4637748370e-2
-.2088440775,.5857203838,.6050367419e-1
-.2205842291,.6099737438,.1235886343
-.2334665952,.6328387228,.1850315276
-.2474121363,.6544113928,.2451709608
-.2623611851,.6747642828,.3042923805
-.2058926866,.2952138459,-.7459422343
-.1857258903,.3582506604,-.5908615366
-.1771237092,.4072304824,-.4743878188
-.1743351779,.4491437111,-.3760198168
-.1753230924,.4864666045,-.2885950925
-.1790795310,.5204243075,-.2085999189
-.1850181475,.5517295352,-.1339957404
-.1927631022,.5808391276,-.6347016468e-1
-.2020576323,.6080651840,.3885338523e-2
-.2127185107,.6336304200,.6873519941e-1
-.2246110408,.6576985610,.1315872752
-.2376343268,.6803922490,.1928445843
-.2517121190,.7018041650,.2528377989
-.2736646346+.3350501488e-1*I,.2289993768+.4072593308e-1*I,-1.047197552+.1231364874*I
-.2080650531,.3472605400,-.7305967711
-.1893202259,.4085689261,-.5803855297
-.1813186892,.4568186540,-.4658363078
-.1788929579,.4982908936,-.3685528615
-.1801361521,.5353034892,-.2818369021
-.1840885091,.5690230513,-.2023440870
-.1901862608,.6001348463,-.1281142321
-.1980657981,.6290808518,-.5787673276e-1
-.2074776704,.6561642758,.9252421002e-2
-.2182433545,.6816021188,.7392227822e-1
-.2302313611,.7055542058,.1366305583
-.2433430885,.7281403918,.1977733608
-.2623140997+.9801990768e-1*I,.2612450564+.1191449166*I,-1.047197551+.3537275953*I
-.2812148397+.2958879269e-1*I,.2767945975+.3596569632e-1*I,-1.047197552+.1088039331*I
-.2142474697,.3967183296,-.7252890027
-.1959773616,.4574496875,-.5766973802
-.1881830905,.5054474805,-.4628097594
-.1858840068,.5467657781,-.3659034135
-.1872168547,.5836693983,-.2794353142
-.1912382762,.6173050098,-.2001187823
-.1973922716,.6483484408,-.1260205637
-.2053194650,.6772365178,-.5588451729e-1
-.2147729504,.7042693608,.1116485296e-1
-.2255758460,.7296619718,.7577123419e-1
-.2375977863,.7535728148,.1384288083
-.2525446465+.1382183360*I,.2941313472+.1680068111*I,-1.047197551+.4894788352*I
-.2714453865+.9936799832e-1*I,.3096808881+.1207835442*I,-1.047197552+.3583955373*I
-.2903461246+.3357479540e-1*I,.3252304280+.4081075251e-1*I,-1.047197552+.1233916499*I
-.2247726704,.4434598323,-.7306980705
-.2060186993,.5047793323,-.5804556034
-.1980132036,.5530338741,-.4658937276
-.1955850611,.5945090438,-.3686030957
-.1968265508,.6315237111,-.2818824189
-.2007775961,.6652448678,-.2023862521
-.2068742804,.6963579608,-.1281538941
-.2147529134,.7253050648,-.5791446828e-1
-.2241639966,.7523894478,.9216200467e-2
-.2349289753,.7778281478,.7388726394e-1
-.2445789763+.1725751587*I,.3277484811+.2097681315*I,-1.047197551+.5993189286*I
-.2634797155+.1414976526*I,.3432980214+.1719928779*I,-1.047197552+.5002192072*I
-.2823804544+.1036559813*I,.3588475617+.1259956628*I,-1.047197552+.3731932039*I
-.3012811936+.4417143242e-1*I,.3743971025+.5369115064e-1*I,-1.047197551+.1620378781*I
-.2404401310,.4868742007,-.7489919137
-.2199816681,.5502655417,-.5929092238
-.2112599748,.5993906322,-.4760513380
-.2084000023,.6413906993,-.3774690304
-.2093379189,.6787743658,-.2899049760
-.2130561134,.7127785548,-.2098113476
-.2189637376,.7441214548,-.1351339493
-.2266825253,.7732628528,-.6455209587e-1
-.2359542711,.8005166048,.2847592844e-2
-.2387158557+.2046101407*I,.3622175101+.2487072141*I,-1.047197551+.6962466673*I
-.2576165951+.1775856634*I,.3777670502+.2158584875*I,-1.047197552+.6148322282*I
-.2765173333+.1472806939*I,.3933165900+.1790222657*I,-1.047197552+.5190301821*I
-.2954180729+.1110410439*I,.4088661311+.1349723359*I,-1.047197551+.3984955142*I
-.3143188119+.5875543290e-1*I,.4244156713+.7141825887e-1*I,-1.047197552+.2148258756*I
-.2629192278,.5254164874,-.7851913992
-.2387496800,.5933187163,-.6162746338
-.2286128882,.6441638856,-.4948382199
-.2249257514,.6871693850,-.3937576176
-.2252912673,.7252488160,-.3045867665
-.2285746329,.7597815460,-.2233648757
-.2341315198,.7915507740,-.1478517558
-.2415551973,.8210508840,-.7662921187e-1
-.2353717402+.2359228510*I,.3977071704+.2867683623*I,-1.047197552+.7858340389*I
-.2542724787+.2114655507*I,.4132567104+.2570400850*I,-1.047197552+.7162935431*I
-.2731732182+.1850927939*I,.4288062509+.2249835362*I,-1.047197552+.6378308514*I
-.2920739575+.1558351120*I,.4443557919+.1894203111*I,-1.047197552+.5465485835*I
-.3109746965+.1216281156*I,.4599053322+.1478411072*I,-1.047197552+.4343474103*I
-.3298754356+.7606438836e-1*I,.4754548728+.9245759783e-1*I,-1.047197551+.2767114223*I
-.2964479825,.5546102489,-.8531814863
-.2638564244,.6327495786,-.6546726726
-.2511687458,.6866953960,-.5248583719
-.2460767806,.7314084890,-.4194676618
-.2454976093,.7706362030,-.3276002194
-.2480754962,.8060264550,-.2445145218
-.2530698250,.8384794810,-.1676344904
-.2351577389+.2675928578*I,.4344650667+.3252638110*I,-1.047197552+.8713932883*I
-.2540584780+.2449378541*I,.4500146069+.2977262564*I,-1.047197552+.8106971647*I
-.2729592168+.2210582355*I,.4655641472+.2687001613*I,-1.047197552+.7439355946*I
-.2918599571+.1955057804*I,.4811136887+.2376407042*I,-1.047197552+.6692446989*I
-.3107606959+.1675167284*I,.4966632290+.2036195206*I,-1.047197552+.5835251646*I
-.3296614352+.1355904656*I,.5122127698+.1648125885*I,-1.047197551+.4808340809*I
-.3485621741+.9587111735e-1*I,.5277623101+.1165330242*I,-1.047197551+.3462718268*I
-.3674629133+.2193955746e-1*I,.5433118505+.2666791679e-1*I,-1.047197552+.8074765437e-1*I
-.2983579348,.6658338845,-.7169749772
-.2808144806,.7256819805,-.5708563324
-.2733441174,.7732860585,-.4580000018
-.2712444530,.8143619575,-.3616858370
-.2727190354,.8510932975,-.2756084443
-.1392562575,.2795855066,-.2120724094
-.1451058815,.3109989069,-.1372577091
-.1527757395,.3401997801,-.6657038450e-1
-.1620049055,.3675052883,.9120791247e-3
-.1726074835,.3931413895,.6586284898e-1
-.1844469635,.4172740143,.1287955328
-.1974211565,.4400273756,.1901170588
-.2114528485,.4614953278,.2501608335
-.2264837865,.4817486789,.3092086295
-.2424706995,.5008400266,.3675057697
-.2593826445,.5188069804,.4252721701
-.2771992715,.5356742792,.4827108074
-.2959097355,.5514551022,.5400146033
-.1306994041,.2962758781,-.2669661391
-.1350748395,.3294811792,-.1885464219
-.1415183115,.3601727465,-.1151201894
-.1496915323,.3887617741,-.4550318626e-1
-.1593603542,.4155328717,.2113744396e-1
-.1703561797,.4406909737,.8541841540e-1
-.1825543315,.4643876258,.1478160246
-.1958611115,.4867367212,.2087116948
-.2102056675,.5078243830,.2684209920
-.2255347055,.5277153889,.3272130891
-.2418089805,.5464574422,.3853244612
-.2590009615,.5640840082,.4429689995
-.2770933105,.5806161622,.5003459073
-.1248954786,.3111064309,-.3280501080
-.1274592701,.3465138173,-.2449267655
-.1324424420,.3789804051,-.1680193040
-.1393874354,.4090623640,-.9573477036e-1
-.1479898329,.4371297195,-.2700392680e-1
-.1580363176,.4634417610,.3893680553e-1
-.1693719928,.4881867697,.1026598241
-.1818816902,.5115047333,.1646118142
-.1954786238,.5335011426,.2251537920
-.2100971812,.5542557498,.2845869908
-.2256882038,.5738283088,.3431704594
-.2422158447,.5922623918,.4011336024
-.2596554820,.6095879268,.4586855781
-.1224513360,.3234240994,-.3971358511
-.1226956721,.3616508248,-.3076221450
-.1258876930,.3962945874,-.2261612094
-.1313712868,.4281529038,-.1504718237
-.1387335303,.4577276879,-.7911454295e-1
-.1476957866,.4853576281,-.1110725489e-1
-.1580608972,.5112823750,.5426022677e-1
-.1696847485,.5356770999,.1175257091
-.1824597528,.5586725785,.1791125583
-.1963046946,.5803675295,.2393656200
-.2111582276,.6008365205,.2985747407
-.2269745956,.6201351675,.3569909318
-.2437207750,.6383036135,.4148380242
-.1243307587,.3321593017,-.4772347538
-.1214197892,.3742213559,-.3784993240
-.1223220695,.4116483389,-.2908358610
-.1260130319,.4456856297,-.2106720465
-.1318986016,.4770553371,-.1359424819
-.1395987776,.5062193578,-.6532054596e-1
-.1488543233,.5334928012,.2110605061e-2
-.1594804226,.5591003107,.6702059412e-1
-.1713413013,.5832069252,.1299207040
-.1843352920,.6059362222,.1912162772
-.1983855719,.6273815802,.2512396127
-.2134341892,.6476134422,.3102717043
-.2294381166,.6666841082,.3685573261
-.1322868896,.3353046269,-.5740833444
-.1246382290,.3831254277,-.4606597356
-.1224285666,.4243350307,-.3640191753
-.1238248844,.4611615043,-.2777262067
-.1278952807,.4947375854,-.1985344206
-.1340892050,.5257324821,-.1245294446
-.1420502602,.5545794007,-.5446530391e-1
-.1515333324,.5815762805,.1252749616e-1
-.1623627000,.6069367145,.7708886182e-1
-.1744087893,.6308182015,.1397104720
-.1875743743,.6533389225,.2007842904
-.2017859493,.6745882245,.2606332682
-.2169881457,.6946334085,.3195317968
-.1504430987,.3279992188,-.7018045860
-.1341744711,.3862977408,-.5600053763
-.1272920963,.4331871083,-.4490126688
-.1255591145,.4738172994,-.3537821321
-.1272961131,.5102296657,-.2684243924
-.1316305376,.5434848178,-.1899013675
-.1380403736,.5742172699,-.1163975340
-.1461849429,.6028411228,-.4672049454e-1
-.1558286439,.6296427568,.1996746252e-1
-.1668019302,.6548282538,.8428612737e-1
-.1789794726,.6785499588,.1467138502
-.1922670990,.7009223348,.2076334555
-.2065936015,.7220319408,.2673614996
-.2016860092,.2826111556,-.9425879388
-.1542917387,.3787434420,-.6910349258
-.1388900560,.4359881776,-.5521583153
-.1324221434,.4823737594,-.4424724243
-.1309512612,.5226853619,-.3480121914
-.1328772594,.5588679974,-.2631696974
-.1373589894,.5919440963,-.1850170028
-.1438897629,.6225295468,-.1117915868
-.1521374254,.6510280888,-.4233006425e-1
-.1618715700,.6777197858,.2418795048e-1
-.1729260430,.7028065998,.8837123550e-1
-.1851778550,.7264380288,.1506908126
-.1985345268,.7487264808,.2115244742
-.2191816838+.8798694582e-1*I,.2806135917+.1069496754*I,-1.047197551+.3187588945*I
-.2082567247,.3324167913,-.9370835578
-.1619186009,.4272653138,-.6893471551
-.1466500324,.4843482458,-.5509181748
-.1402468181,.5306551856,-.4414357565
-.1388171210,.5709167281,-.3470962322
-.1407729265,.6070631326,-.2623347598
-.1452779416,.6401109280,-.1842404196
-.1518278635,.6706731030,-.1110589351
-.1600918688,.6991517810,-.4163144617e-1
-.1698403644,.7258260330,.2485971548e-1
-.1809077304,.7508971770,.8902160568e-1
-.1931713434,.7745142600,.1513240911
-.2099856096+.1316571118*I,.3137321993+.1600315280*I,-1.047197551+.4678321876*I
-.2288863498+.9052138411e-1*I,.3292817404+.1100303296*I,-1.047197552+.3276295642*I
-.2262981092,.3709515125,-.9679393008
-.1737679850,.4733265196,-.6977705590
-.1578276905,.5312259464,-.5570796747
-.1511008789,.5779262262,-.4465781346
-.1494659205,.6184372663,-.3516361106
-.1512734649,.6547638850,-.2664709911
-.1556628024,.6879522880,-.1880862561
-.1621176825,.7186299880,-.1146863157
-.1703006242,.7472071990,-.4508965835e-1
-.1799779723,.7739679330,.2153493094e-1
-.1909814492,.7991167350,.8580312489e-1
-.2026828700+.1677974229*I,.3476179344+.2039607099*I,-1.047197551+.5844050358*I
-.2215836084+.1359202272*I,.3631674743+.1652134193*I,-1.047197552+.4819207233*I
-.2404843480+.9631311920e-1*I,.3787170151+.1170702852*I,-1.047197552+.3478069886*I
-.2593850873+.2370025936e-1*I,.3942665558+.2880808085e-1*I,-1.047197551+.8721207069e-1*I
-.1907116528,.5162640399,-.7186553169
-.1730229737,.5762886605,-.5720430467
-.1654872287,.6239722101,-.4589788117
-.1633471634,.6650972178,-.3625448343
-.1647929760,.7018635278,-.2763882484
-.1689016111,.7353931298,-.1972937092
-.1751267374,.7663500998,-.1233614745
-.1831142694,.7951648348,-.5335345696e-1
-.1926204880,.8221335798,.1359518077e-1
-.1976056092+.2011286023*I,.3824053725+.2444753426*I,-1.047197552+.6859720981*I
-.2165063480+.1737495179*I,.3979549127+.2111955856*I,-1.047197552+.6029666278*I
-.2354070871+.1428588525*I,.4135044530+.1736474401*I,-1.047197552+.5046618311*I
-.2543078260+.1054134000*I,.4290539936+.1281318362*I,-1.047197551+.3792356507*I
-.2732085652+.4794678774e-1*I,.4446035340+.5828016121e-1*I,-1.047197552+.1757518521*I
-.2144522401,.5545465978,-.7570178902
-.1932112437,.6188891219,-.5982417892
-.1841749997,.6683965552,-.4803708596
-.1811281800,.7106237388,-.3812269332
-.1819357511,.7481658408,-.2932988663
-.1855544428,.7822909788,-.2129484787
-.1913815392,.8137317608,-.1380803555
-.1990324072,.8429557178,-.6735201168e-1
-.1952239926+.2335860810*I,.4182850107+.2839279772*I,-1.047197551+.7793222011*I
-.2141247322+.2089690997*I,.4338345516+.2540056046*I,-1.047197552+.7090216154*I
-.2330254708+.1823658100*I,.4493840919+.2216688398*I,-1.047197552+.6295105314*I
-.2519262098+.1527418380*I,.4649336322+.1856603824*I,-1.047197551+.5366405841*I
-.2708269494+.1178406792*I,.4804831728+.1432374118*I,-1.047197552+.4215799946*I
-.2897276880+.7018802588e-1*I,.4960327133+.8531477620e-1*I,-1.047197551+.2558060108*I
-.2490454486,.5840064087,-.8258637045
-.2200906010,.6577252537,-.6402008561
-.2083995358,.7104596692,-.5136773771
-.2038433570,.7545215042,-.4099399653
-.2036203962,.7933162372,-.3190956295
-.2064625088,.8283853202,-.2367126759
-.2116665886,.8605833902,-.1603460296
-.997053835e-1,.2844949392,-.1380627058
-.1073566595,.3137184000,-.6733524560e-1
-.1165696625,.3410435534,.1787050005e-3
-.1271578335,.3666971668,.6515449687e-1
-.1389842105,.3908457176,.1281071657
-.1519462835,.4136138113,.1894446185
-.1659665995,.4350955919,.2495009380
-.1809867185,.4553620934,.3085583768
-.1969632205,.4744660955,.3668625975
-.2138650385,.4924453599,.4246337463
-.2316717095,.5093247598,.4820749474
-.2503722885,.5251175983,.5393792002
-.2699647925,.5398262860,.5967353956
-.888098521e-1,.3030769675,-.1877369298
-.952733874e-1,.3337441471,-.1143569255
-.1034637060,.3623123917,-.4477569848e-1
-.1131475244,.3890652613,.2183672612e-1
-.1241568087,.4142070030,.8609522739e-1
-.1363672720,.4378886916,.1484748884
-.1496854950,.4602238784,.2093562934
-.1640408380,.4812984270,.2690544200
-.1793801740,.5011769159,.3278380321
-.1956643940,.5199068805,.3859433100
-.2128660830,.5375216462,.4435839507
-.2309680050,.5540421632,.5009590365
-.2499622060,.5694780982,.5582595769
-.802174175e-1,.3202975902,-.2422530128
-.852728209e-1,.3526763787,-.1655229182
-.922778033e-1,.3826854193,-.9337298487e-1
-.1009317827,.4106900774,-.2474695847e-1
-.1110238300,.4369467363,.4111082146e-1
-.1224006329,.4616417542,.1047676601
-.1349481304,.4849137708,.1666668132
-.1485803478,.5068672914,.2271669274
-.1632322919,.5275813169,.2865675702
-.1788552953,.5471150028,.3451266111
-.1954139163,.5655114288,.4030726355
-.2128838845,.5828000958,.4606142593
-.2312507865,.5989985248,.5179475314
-.743243249e-1,.3357500125,-.3027200342
-.776636174e-1,.3702147648,-.2216441519
-.832654448e-1,.4019293640,-.1462388409
-.907268314e-1,.4313836396,-.7509876678e-1
-.997749636e-1,.4589091965,-.7261451296e-2
-.1102163715,.4847412023,.5797115132e-1
-.1219094247,.5090518110,.1211289291
-.1347482920,.5319696632,.1826298816
-.1486530573,.5535918972,.2428151223
-.1635633774,.5739918622,.3019718651
-.1794342974,.5932242012,.3603492655
-.1962334658,.6113282372,.4181698738
-.2139392947,.6283302122,.4756383594
-.717000780e-1,.3488319452,-.3708060558
-.728666480e-1,.3859376783,-.2838778217
-.767600840e-1,.4197288584,-.2042342848
-.828099131e-1,.4508989059,-.1298919905
-.906488809e-1,.4798942227,-.5956789877e-1
-.1000253546,.5070206752,.7629325760e-2
-.1107594022,.5324969724,.7235332801e-1
-.1227185740,.5564841100,.1351048646
-.1358035788,.5791027775,.1962821037
-.1499393673,.6004441985,.2562123349
-.1650693656,.6205771405,.3151730125
-.1811516601,.6395525495,.3734064222
-.1981564553,.6574066435,.4311304020
-.732283054e-1,.3585779020,-.4492230541
-.714868267e-1,.3992184205,-.3539674867
-.732177186e-1,.4356382108,-.2685930532
-.775473926e-1,.4688991368,-.1900580527
-.839533349e-1,.4996363214,-.1165452288
-.920945880e-1,.5282642057,-.4686123338e-1
-.1017353822,.5550693715,.1983220453e-1
-.1127060618,.5802580382,.8415523647e-1
-.1248812204,.6039826402,.1465864470
-.1381666318,.6263577102,.2075088263
-.1524910471,.6474698522,.2672390409
-.1678008612,.6673842252,.3260470419
-.1840565757,.6861488392,.3841698478
-.804555992e-1,.3632399817,-.5429497482
-.744629917e-1,.4090478212,-.4347552830
-.732963879e-1,.4489895677,-.3411847230
-.754432909e-1,.4849036912,-.2569411338
-.800979414e-1,.5177696018,-.1792205717
-.867711153e-1,.5481819624,-.1063208518
-.951404441e-1,.5765326174,-.3711185029e-1
-.1049815176,.6030943402,.2920684771e-1
-.1161321152,.6280643132,.9323128310e-1
-.1284719694,.6515887252,.1554239768
-.1419105763,.6737775832,.2161568726
-.1563794987,.6947140732,.2757388874
-.1718273441,.7144606672,.3344344980
-.967474264e-1,.3588894854,-.6633510508
-.834402234e-1,.4135883453,-.5314805590
-.780235401e-1,.4586961388,-.4250824496
-.772309352e-1,.4981832835,-.3325984598
-.796515458e-1,.5337647097,-.2490918651
-.845215651e-1,.5663688370,-.1719055255
-.913727468e-1,.5965648262,-.9940965129e-1
-.998945838e-1,.6247301032,-.3051437074e-1
-.1098699837,.6511285512,.3555642630e-1
-.1211415474,.6759514882,.9938319132e-1
-.1335923614,.6993410252,.1614180209
-.1471343660,.7214042012,.2220256660
-.1617009764,.7422219512,.2815099911
-.1350339563,.3300112005,-.8562291609
-.1020135512,.4086718032,-.6561996726
-.892180820e-1,.4627486413,-.5260281816
-.840691620e-1,.5075309645,-.4204610638
-.834524208e-1,.5468043439,-.3284852850
-.860025664e-1,.5822283175,-.2453254843
-.909749398e-1,.6147080312,-.1683914627
-.979109720e-1,.6448008822,-.9608678640e-1
-.1065056685,.6728775982,-.2734026168e-1
-.1165453540,.6991979052,.3861287699e-1
-.1278748940,.7239503702,.1023457921
-.1403789548,.7472751852,.1643056842
-.1539706281,.7692779882,.2248539245
-.1762319758+.7717623872e-1*I,.3000561550+.9380907142e-1*I,-1.047197551+.2806539006*I
-.1443660609,.3773134532,-.8590415839
-.1109456182,.4564603086,-.6575925443
-.980513766e-1,.5106572054,-.5270935376
-.928504364e-1,.5555027597,-.4213651903
-.921994304e-1,.5948177894,-.3292905298
-.947242960e-1,.6302724902,-.2460631531
-.996766724e-1,.6627765112,-.1690799167
-.1065961149,.6928895272,-.9673792521e-1
-.1151765574,.7209835692,-.2796235577e-1
-.1252036610,.7473191692,.3801376061e-1
-.1365218493,.7720854322,.1017650055
-.1490154818,.7954229242,.1637395348
-.1676362472+.1251090908*I,.3334180066+.1520722936*I,-1.047197552+.4460232918*I
-.1865369856+.8123965701e-1*I,.3489675463+.9874822759e-1*I,-1.047197552+.2950257854*I
-.1610649310,.4184529960,-.8829705288
-.1240678550,.5019473106,-.6687879111
-.1103638148,.5571285323,-.5355962932
-.1047424638,.6024851030,-.4285611958
-.1038162831,.6421346119,-.3356900251
-.1061388616,.6778351970,-.2519201218
-.1109316018,.7105332580,-.1745426057
-.1177188282,.7408069860,-.1019020602
-.1261858174,.7690389320,-.3289431680e-1
-.1361128713,.7954961440,.3326538278e-1
-.1473408703,.8203720350,.9716304902e-1
-.1610329468+.1631951439*I,.3675871347+.1983665590*I,-1.047197551+.5699273643*I
-.1799336863+.1304817983*I,.3831366753+.1586029137*I,-1.047197552+.4639326898*I
-.1988344254+.8889274879e-1*I,.3986862159+.1080506948*I,-1.047197552+.3219320736*I
-.1905675074,.4472585201,-.9469314777
-.1423252066,.5444216020,-.6923109560
-.1268223966,.6017892603,-.5530940771
-.1203055215,.6482343573,-.4432541054
-.1188035193,.6885837855,-.3487026036
-.1207070157,.7247937745,-.2637988968
-.1251711756,.7578912295,-.1856021403
-.1316875073,.7884942345,-.1123435626
-.1399228467,.8170077545,-.4285635483e-1
-.1496461730,.8437126015,.2368192326e-1
-.1567930480+.1978995720*I,.4027138486+.2405504000*I,-1.047197552+.6763861977*I
-.1756937876+.1701760798*I,.4182633890+.2068520086*I,-1.047197552+.5918448769*I
-.1945945263+.1387051988*I,.4338129293+.1685986012*I,-1.047197552+.4910767378*I
-.2134952658+.1000097114*I,.4493624702+.1215635578*I,-1.047197552+.3606149305*I
-.2323960041+.3533170657e-1*I,.4649120099+.4294630885e-1*I,-1.047197552+.1298133754*I
-.1675011144,.5823166074,-.7333277556
-.1485086666,.6439259819,-.5822704649
-.1404003677,.6923054820,-.4673799469
-.1379096920,.7338566620,-.3699028219
-.1391070208,.7709250090,-.2830598453
-.1430240963,.8046874540,-.2034768189
-.1490931464,.8358341370,-.1291796513
-.1569483813,.8648096820,-.5889030635e-1
-.624613615e-1,.2872115461,-.6906735095e-1
-.716377105e-1,.3145812534,-.1481848292e-2
-.821932205e-1,.3402745658,.6355079199e-1
-.939899045e-1,.3644592101,.1265488691
-.1069245185,.3872606805,.1879225077
-.1209190665,.4087737833,.2480073404
-.1359146865,.4290700640,.3070867109
-.1518676185,.4482027155,.3654070504
-.1687465105,.4662098465,.4231890348
-.1865306495,.4831166348,.4806361246
-.2052088595,.4989366629,.5379414984
-.2247789375,.5136726100,.5952940789
-.2452475365,.5273163895,.6528842008
-.495915065e-1,.3072700364,-.1146377751
-.577755354e-1,.3358459259,-.4504339298e-1
-.674538367e-1,.3626055013,.2157940427e-1
-.784581701e-1,.3877532622,.8584616975e-1
-.906641040e-1,.4114404562,.1482324313
-.1039781160,.4337807605,.2091190815
-.1183294900,.4548601347,.2688213166
-.1336650360,.4747432292,.3276080472
-.1499455970,.4934776423,.3857155652
-.1671437140,.5110967505,.4433576380
-.1852421120,.5276215499,.5007333916
-.2042328040,.5430617510,.5580338554
-.2241166800,.5574162710,.6154478064
-.387165616e-1,.3262988905,-.1641728188
-.457538988e-1,.3562686034,-.9209530302e-1
-.544357207e-1,.3842394172,-.2352570598e-1
-.645523770e-1,.4104661645,.4228740778e-1
-.759514036e-1,.4351341681,.1059086044
-.885193365e-1,.4583813453,.1677793055
-.1021706367,.4803116712,.2282568848
-.1168406425,.5010037416,.2876400128
-.1324809524,.5205163915,.3461859296
-.1490563436,.5388924330,.4041227793
-.1665427345,.5561611380,.4616588883
-.1849258835,.5723398190,.5189901366
-.2042006515,.5874347210,.5763062205
-.301185992e-1,.3440215304,-.2184129341
-.358044911e-1,.3756339489,-.1432087101
-.433364967e-1,.4050023845,-.7222261383e-1
-.524458837e-1,.4324534848,-.4505896248e-2
-.629417764e-1,.4582192639,.6063096166e-1
-.746842923e-1,.4824697506,.1237122776
-.875688429e-1,.5053320733,.1851522641
-.1015164324,.5269022541,.2452894058
-.1164674270,.5472527780,.3044090589
-.1323774440,.5664375940,.3627590692
-.1492146090,.5844954450,.4205610859
-.1669577515,.6014520640,.4780191968
-.1855952784,.6173215440,.5353269127
-.241786717e-1,.3600543320,-.2784040023
-.282296634e-1,.3936540009,-.1991628138
-.344077623e-1,.4246681329,-.1251209047
-.423553940e-1,.4535313680,-.5502827624e-1
-.518267353e-1,.4805425064,.1198693782e-1
-.626456060e-1,.5059157003,.7656614098e-1
-.746821185e-1,.5298088294,.1392020012
-.878388193e-1,.5523403484,.2002871583
-.1020420358,.5735998100,.2601450401
-.1172362656,.5936546780,.3190503701
-.1333804661,.6125548390,.3772435157
-.1504455764,.6303356190,.4349410088
-.1684129019,.6470197400,.4923436862
-.214372646e-1,.3738360434,-.3456994017
-.234384228e-1,.4099273209,-.2610610830
-.279788959e-1,.4429320159,-.1830555065
-.345579927e-1,.4734587299,-.1099408725
-.428469082e-1,.5019071274,-.4056519554e-1
-.526172863e-1,.5285547825,.2588508649e-1
-.637043144e-1,.5536020251,.9001439674e-1
-.759859314e-1,.5771972250,.1522908593
-.893703300e-1,.5994519740,.2130902724
-.1037880874,.6204506570,.2727242581
-.1191870333,.6402566890,.3314592048
-.1355288422,.6589166530,.3895296351
-.1527867671,.6764630640,.4471481300
-.227167712e-1,.3844828117,-.4227781357
-.220120800e-1,.4238630964,-.3305484183
-.244973781e-1,.4593658922,-.2472151718
-.294184771e-1,.4919079312,-.1701548784
-.363119833e-1,.5220524736,-.9775448256e-1
-.448701500e-1,.5501735919,-.2893346674e-1
-.548775954e-1,.5765330868,.3707859871e-1
-.661780527e-1,.6013209028,.1008585199
-.786553984e-1,.6246781908,.1628559442
-.922221470e-1,.6467112908,.2234339330
-.1068121543,.6675006008,.2828951596
-.1223758391,.6871063898,.3414996894
-.1388770061,.7055726518,.3994776347
-.294119517e-1,.3904404585,-.5140562123
-.248378699e-1,.4345240549,-.4102637413
-.246029249e-1,.4733333544,-.3193851077
-.274361131e-1,.5084132862,-.2369785064
-.326330894e-1,.5406199900,-.1605945466
-.397558826e-1,.5704858302,-.8870769993e-1
-.485113153e-1,.5983671690,-.2028676749e-1
-.586930837e-1,.6245147710,.4540861713e-1
-.701509521e-1,.6491112510,.1089358636
-.827730198e-1,.6722926270,.1707315727
-.964748941e-1,.6941614790,.2311497807
-.1111927911,.7147953370,.2904868075
-.1268790066,.7342521880,.3489982341
-.443809238e-1,.3884089329,-.6290454484
-.334284761e-1,.4402455449,-.5049466001
-.292801649e-1,.4838116106,-.4024600407
-.293317455e-1,.5222726346,-.3123990785
-.323789820e-1,.5570923844,-.2305578434
-.377466789e-1,.5890915757,-.1545886039
-.450119463e-1,.6187842358,-.8301769316e-1
-.538903405e-1,.6465161118,-.1484340731e-1
-.641810403e-1,.6725313068,.5065651474e-1
-.757374732e-1,.6970079798,.1140277378
-.884503165e-1,.7200790158,.1756989405
-.1022370753,.7418446898,.2360186625
-.1170354194,.7623807628,.2952793522
-.766865219e-1,.3675898190,-.7994476642
-.509191900e-1,.4374341814,-.6249617589
-.402309590e-1,.4889496338,-.5017271357
-.362307956e-1,.5323356225,-.3996932130
-.363828182e-1,.5706745571,-.3099177049
-.395054216e-1,.6054026985,-.2282746453
-.449334050e-1,.6373286098,-.1524511519
-.522490919e-1,.6669599848,-.8099145363e-1
-.611710707e-1,.6946388838,-.1290408160e-1
-.715004301e-1,.7206070858,.5252691972e-1
-.830918817e-1,.7450411938,.1158431196
-.958370055e-1,.7680729918,.1774704248
-.1096539730,.7898019468,.2377554504
-.1334731279+.6520694944e-1*I,.3195760491+.7926019040e-1*I,-1.047197551+.2379991968*I
-.876664024e-1,.4137786484,-.8064670830
-.610816768e-1,.4846165686,-.6291231132
-.501241720e-1,.5364593286,-.5050077050
-.459730376e-1,.5800288254,-.4025125124
-.460227071e-1,.6184921723,-.3124461130
-.490685124e-1,.6533136628,-.2306011072
-.544350644e-1,.6853142448,-.1546290983
-.616993753e-1,.7150080678,-.8305607360e-1
-.705769429e-1,.7427409488,-.1488013686e-1
-.808669094e-1,.7687570348,.5062109284e-1
-.924226788e-1,.7932345148,.1139933607
-.1051349107,.8163062938,.1756653983
-.1255074582+.1185836182*I,.3531931833+.1441404674*I,-1.047197551+.4240896146*I
-.1444081967+.7136372942e-1*I,.3687427232+.8674386438e-1*I,-1.047197552+.2599976657*I
-.1050600313,.4550948305,-.8308991180
-.754619594e-1,.5295955262,-.6429710295
-.635835500e-1,.5825576613,-.5158305911
-.589253822e-1,.6267434658,-.4117793427
-.586342281e-1,.6656210898,-.3207397207
-.614255884e-1,.7007518618,-.2382222149
-.665892915e-1,.7329990108,-.1617570822
-.736843682e-1,.7628985408,-.8980849139e-1
-.824159146e-1,.7908089128,-.2133939999e-1
-.925765462e-1,.8169822068,.4439412812e-1
-.1040153078,.8416019128,.1079518171
-.1196443376+.1587944438*I,.3876622122+.1930174308*I,-1.047197552+.5559820330*I
-.1385450773+.1252131787*I,.4032117529+.1521988143*I,-1.047197552+.4463715525*I
-.1574458163+.8139153194e-1*I,.4187612934+.9893283419e-1*I,-1.047197552+.2955618215*I
-.1322375932,.4879260499,-.8839557852
-.9508639170e-1,.5716077077,-.6692228552
-.8135030860e-1,.6268278778,-.5359244286
-.7571254450e-1,.6722043990,-.4288381821
-.7477568370e-1,.7118668890,-.3359360117
-.7709043720e-1,.7475769870,-.2521450570
-.8187701600e-1,.7802825360,-.1747522742
-.8865914680e-1,.8105624580,-.1021001820
-.9712176910e-1,.8387997130,-.3308346569e-1
-.1070449752,.8652616020,.3308332463e-1
-.27197447e-1,.2881166635,-.4048210548e-2
-.37702373e-1,.3138714605,.6107281567e-1
-.49453095e-1,.3381119723,.1241414876
-.62345228e-1,.3609650796,.1855713961
-.76299927e-1,.3825266185,.2457005889
-.91257677e-1,.4028689319,.3048141166
-.107174188,.4220458537,.3631596100
-.124017666,.4400960306,.4209585701
-.141767010,.4570451121,.4784149884
-.160410691,.4729071123,.5357223250
-.179946159,.4876851280,.5930695607
-.200379723,.5013714924,.6506468700
-.221726864,.5139473889,.7086513920
-.126112083e-1,.3093625871,-.4627714179e-1
-.222640625e-1,.3361530936,.2039355882e-1
-.332455602e-1,.3613286106,.8469848140e-1
-.454306110e-1,.3850411891,.1471152264
-.587252140e-1,.4074050858,.2080261049
-.730582920e-1,.4285066984,.2677473122
-.883763740e-1,.4484110217,.3265484634
-.1046400710,.4671659333,.3846663420
-.1218217270,.4848050492,.4423150506
-.1399038940,.5013495784,.4996939188
-.1588784200,.5168094299,.5569940690
-.1787460350,.5311837155,.6144042683
-.1995163890,.5444607055,.6721165826
.2054756e-3,.3298148752,-.9186211974e-1
-.84814229e-2,.3577795174,-.2330280142e-1
-.186025674e-1,.3840008093,.4250217630e-1
-.300056484e-1,.4086638848,.1061168806
-.425773093e-1,.4319065299,.1679823980
-.562320915e-1,.4538326236,.2284558737
-.709053943e-1,.4745206875,.2878358138
-.865488628e-1,.4940294972,.3463793413
-.1031273155,.5124018178,.4043145235
-.1206167045,.5296668784,.4618496325
-.1390028205,.5458419532,.5191805184
-.1582805525,.5609332522,.5764968655
-.1784536405,.5749362302,.6339879254
.110399188e-1,.3492736953,-.1413270623
.34642059e-2,.3785890032,-.7043595370e-1
-.56831286e-2,.4059939780,-.2793675132e-2
-.162127995e-1,.4317186995,.6228406586e-1
-.279859998e-1,.4559318875,.1253181630
-.408989055e-1,.4787597451,.1867205134
-.548730876e-1,.5002976020,.2468279760
-.698493508e-1,.5206174115,.3059247666
-.857836652e-1,.5397726932,.3642579275
-.1026444527,.5578018312,.4220485544
-.1204108011,.5747302432,.4795003779
-.1390713547,.5905717332,.5368067198
-.1586237341,.6053291932,.5941565319
.196164860e-1,.3674744427,-.1953813993
.133433821e-1,.3983730955,-.1215608050
.53151088e-2,.4271383087,-.5163896475e-1
-.42267442e-2,.4540637390,.1524183289e-1
-.151087378e-1,.4793602054,.7971405173e-1
-.272028646e-1,.5031833030,.1422644438
-.404130228e-1,.5256498440,.2032815998
-.546665527e-1,.5468481486,.2630861101
-.699087455e-1,.5668447168,.3219506981
-.860992017e-1,.5856886538,.3801143247
-.1032094072,.6034146188,.4377925672
-.1212211506,.6200447488,.4951856662
-.1401255696,.6355898168,.5524851729
.255658255e-1,.3840527393,-.2550194942
.208581890e-1,.4168542455,-.1774307752
.141412872e-1,.4472134537,-.1046306022
.57345382e-2,.4755186228,-.3549887002e-1
-.41394651e-2,.5020403192,.3075879992e-1
-.153196945e-1,.5269742747,.9473458303e-1
-.276867125e-1,.5504656673,.1568884175
-.411506184e-1,.5726237735,.2175904703
-.556434320e-1,.5935312255,.2771484087
-.711141197e-1,.6132500535,.3358258238
-.875252905e-1,.6318257075,.3938552872
-.1048509949,.6492897305,.4514480677
-.1230753094,.6656614775,.5088017777
.283698820e-1,.3984807925,-.3217025103
.256083145e-1,.4336477790,-.2391059212
.204682942e-1,.4659237143,-.1625829476
.133929347e-1,.4958472112,-.9059037386e-1
.46783740e-2,.5237782303,-.2208698926e-1
-.54672324e-2,.5499697886,.4367369872e-1
-.168924139e-1,.5746060002,.1072530601
-.294844045e-1,.5978239352,.1690903667
-.431581755e-1,.6197269472,.2295415022
-.578494568e-1,.6403931572,.2889040907
-.735101562e-1,.6598810232,.3474346293
-.901053092e-1,.6782330432,.4053607504
-.1076110570,.6954782202,.4628904405
.272532138e-1,.4099396045,-.3977261472
.270301414e-1,.4481921760,-.3081521850
.238541225e-1,.4828553904,-.2266492996
.183833554e-1,.5147292978,-.1509290093
.110318543e-1,.5443171388,-.7954812243e-1
.20788945e-2,.5719583799,-.1152236920e-1
-.82779628e-2,.5978931585,.5385975795e-1
-.198943326e-1,.6222969775,.1171369354
-.326624363e-1,.6453008445,.1787331124
-.465009163e-1,.6670036495,.2389935426
-.613483184e-1,.6874800915,.2982083598
-.771587987e-1,.7067858955,.3566287768
-.938992617e-1,.7249612895,.4144787656
.209344834e-1,.4170228593,-.4870796539
.242754107e-1,.4596075340,-.3870484659
.236717732e-1,.4973975233,-.2985486290
.202081880e-1,.5317111950,-.2177963084
.145063020e-1,.5633041729,-.1426302587
.69608478e-2,.5926562618,-.7167341442e-1
-.21602124e-2,.6200931728,-.3979617247e-2
-.126664927e-1,.6458463248,.6113903899e-1
-.244184445e-1,.6700853428,.1242058176
-.373117128e-1,.6929370688,.1856342159
-.512674775e-1,.7144973118,.2457622182
-.662262393e-1,.7348383948,.3048748285
-.821437241e-1,.7540141338,.3632196463
.69100765e-2,.4168745395,-.5979713388
.159302508e-1,.4663624391,-.4801522315
.189675667e-1,.5085780701,-.3810369113
.181533799e-1,.5461121324,-.2931273439
.145296453e-1,.5802311396,-.2127899910
.86984712e-2,.6116669658,-.1379315406
.10441669e-2,.6408867438,-.6721062642e-1
-.81714708e-2,.6682086948,.2981882541e-3
-.187619893e-1,.6938594548,.6526990043e-1
-.305905022e-1,.7180054098,.1282193106
-.435545500e-1,.7407711028,.1895541661
-.575767191e-1,.7622506308,.2496084388
-.725986017e-1,.7825149898,.3086643062
-.218131525e-1,.4012296874,-.7545562368
-.8144995e-3,.4652776387,-.5966150411
.81252756e-2,.5146678118,-.4790550942
.111149736e-1,.5568255626,-.3800830341
.102676183e-1,.5943193077,-.2922661897
.66185872e-2,.6284075660,-.2119941821
.7669534e-3,.6598185230,-.1371842468
-.69045996e-2,.6890173370,-.6650057968e-1
-.161352399e-1,.7163210520,.9790116557e-3
-.267391316e-1,.7419555560,.6592750060e-1
-.385798077e-1,.7660867270,.1288583616
-.515551060e-1,.7888387440,.1901784364
-.655878371e-1,.8103054340,.2502210679
-.909140927e-1+.5128227511e-1*I,.3391769026+.6233450463e-1*I,-1.047197551+.1878409263*I
-.341954227e-1,.4466431603,-.7648440573
-.121699342e-1,.5119392482,-.6033606258
-.28271546e-2,.5618192810,-.4844998392
.4001070e-3,.6042657945,-.3848120206
-.2821673e-3,.6419601990,-.2965329784
-.38054779e-2,.6762012730,-.2159356722
-.95555322e-2,.7077357010,-.1408844304
-.171415105e-1,.7370385320,-.7001559456e-1
-.262977620e-1,.7644326680,-.2390777024e-2
-.368353721e-1,.7901477380,.6267309305e-1
-.486157874e-1,.8143521570,.1256961146
-.615353618e-1,.8371719090,.1870896346
-.836113519e-1+.1120938282*I,.3730626369+.1362520136*I,-1.047197552+.4020831680*I
-.1025120913+.6061902073e-1*I,.3886121774+.7368348260e-1*I,-1.047197552+.2215319332*I
-.526224357e-1,.4877776490,-.7909468313
-.278176758e-1,.5564519892,-.6198188886
-.174576248e-1,.6075685339,-.4976553474
-.136431284e-1,.6507288418,-.3961873789
-.139215741e-1,.6889141058,-.3067702748
-.171392821e-1,.7235266458,-.2253766294
-.226434726e-1,.7553599268,-.1497368336
-.300229717e-1,.7849137358,-.7841744639e-1
-.390001649e-1,.8125255208,-.1043979663e-1
-.493785387e-1,.8384341448,.5490416979e-1
-.610144148e-1,.8628142538,.1181508773
.6323865e-2,.2874849990,.5773784498e-1
-.5364844e-2,.3118008884,.1209023595
-.18199700e-1,.3347236156,.1824086832
-.32100708e-1,.3563504182,.2425981632
-.47007458e-1,.3767547210,.3017581768
-.62874949e-1,.3959912282,.3601379968
-.79670786e-1,.4140993152,.4179602523
-.97373343e-1,.4311052668,.4754296625
-.115970611,.4470236814,.5327400818
-.135459583,.4618582146,.5900805834
-.155846101,.4756017648,.6476411393
-.177145152,.4882361146,.7056183764
-.199381645,.4997309888,.7642219008
.224344751e-1,.3097066164,.1830261336e-1
.114933034e-1,.3349311517,.8267513914e-1
-.654882e-3,.3586885388,.1451458864
-.13915236e-1,.3810940670,.2060997016
-.28216040e-1,.4022349088,.2658545462
-.43503324e-1,.4221766673,.3246812898
-.59737291e-1,.4409677170,.3828175924
-.76889936e-1,.4586420966,.4404781492
-.94943502e-1,.4752213908,.4978626560
-.113889548,.4907158589,.5551624040
-.133728525,.5051249560,.6125661494
-.154469791,.5184373036,.6702657618
-.176132094,.5306301138,.7284621441
.369481750e-1,.3313109212,-.2404678240e-1
.268420150e-1,.3575504268,.4178537152e-1
.154524683e-1,.3822299532,.1054217602
.28932532e-2,.4054877271,.1673045894
-.107499060e-1,.4274279484,.2277917739
-.254122056e-1,.4481293862,.2871823664
-.410451310e-1,.4676510117,.3457338748
-.576133665e-1,.4860357513,.4036746316
-.750927495e-1,.5033129753,.4612130866
-.934689655e-1,.5195000833,.5185451909
-.1127368055,.5346034050,.5758606663
-.1328999125,.5486185160,.6333487370
-.1539709535,.5615300160,.6912038220
.496979694e-1,.3521468380,-.6969645392e-1
.405349515e-1,.3795327497,-.2084879256e-2
.299913150e-1,.4052404950,.6296847161e-1
.182054236e-1,.4294382574,.1259830909
.52807872e-2,.4522518553,.1873699134
-.87043997e-2,.4737763361,.2474651372
-.236911222e-1,.4940834325,.3065525056
-.396354956e-1,.5132264869,.3648787288
-.565060645e-1,.5312437353,.4226646774
-.742820240e-1,.5481604652,.4801139343
-.929521163e-1,.5639903612,.5374197442
-.1125140561,.5787362002,.5947710421
-.1329744164,.5923899942,.6523581252
.604736949e-1,.3720212885,-.1191540596
.523911160e-1,.4007204930,-.4934675109e-1
.428017280e-1,.4275881435,.1744384839e-1
.318771428e-1,.4528328390,.8184425562e-1
.197441127e-1,.4766086485,.1443372783
.64978350e-2,.4990312864,.2053088061
-.77897093e-2,.5201882458,.2650775344
-.230643431e-1,.5401453809,.3239148499
-.392861004e-1,.5589512708,.3820587766
-.564268348e-1,.5766401278,.4397242543
-.744686616e-1,.5932336918,.4971111313
-.934030212e-1,.6087423658,.5544107697
-.1132302477,.6231657448,.6118119229
.690044116e-1,.3906797896,-.1731036057
.621822563e-1,.4209110601,-.1005421325
.536853196e-1,.4491066047,-.3159584523e-1
.437318732e-1,.4755317368,.3451527685e-1
.324800960e-1,.5003787245,.9837420363e-1
.200474435e-1,.5237903382,.1604347167
.65223737e-2,.5458740989,.2210627293
-.80282291e-2,.5667113062,.2805629233
-.235541986e-1,.5863629382,.3391967823
-.400188554e-1,.6048735802,.3971954047
-.573968623e-1,.6222740282,.4547690763
-.756728453e-1,.6385829702,.5121148245
-.948405968e-1,.6538079532,.5694227795
.749295505e-1,.4077740136,-.2324975175
.696132435e-1,.4398356688,-.1564037524
.623909096e-1,.4695805163,-.8473789289e-1
.535495997e-1,.4973574699,-.1648944219e-1
.432917751e-1,.5234126243,.4906927049e-1
.317651049e-1,.5479254745,.1124874272
.190796844e-1,.5710298445,.1741960791
.53185800e-2,.5928267005,.2345454111
-.94554426e-2,.6133923375,.2938290343
-.251954890e-1,.6327837555,.3523006123
-.418675898e-1,.6510422445,.4101858135
-.594487471e-1,.6681957595,.4676913324
-.779257025e-1,.6842604165,.5250121196
.777481423e-1,.4228036067,-.2987226796
.742897243e-1,.4571235585,-.2179569358
.685920031e-1,.4887215994,-.1427809464
.610500514e-1,.5180779451,-.7181648697e-1
.519320315e-1,.5455185518,-.4116722374e-2
.414284569e-1,.5712749928,.6100667329e-1
.296789629e-1,.5955169970,.1240772364
.167879656e-1,.6183714840,.1855086525
.28343306e-2,.6399343170,.2456390346
-.121224079e-1,.6602778590,.3047534786
-.280379470e-1,.6794559620,.3630996472
-.448804802e-1,.6975072880,.4208990645
-.626288962e-1,.7144574980,.4783557360
.767205870e-1,.4350015771,-.3739296195
.756608211e-1,.4722371324,-.2867048341
.718493500e-1,.5061279421,-.2068511134
.658660942e-1,.5373789109,-.1323522107
.580834265e-1,.5664426612,-.6190759703e-1
.487560396e-1,.5936287802,.5384324764e-2
.380658340e-1,.6191583682,.7018363400e-1
.261466007e-1,.6431940512,.1329953286
.130985910e-1,.6658576872,.1942204739
-.10024284e-2,.6872413712,.2541883805
-.160993259e-1,.7074145472,.3131779315
-.321497364e-1,.7264287122,.3714324167
-.491234831e-1,.7443205462,.4291703597
.706509124e-1,.4430762873,-.4617792388
.729070793e-1,.4843424177,-.3650005042
.715437875e-1,.5212090322,-.2786164464
.674988827e-1,.5548161011,-.1993597519
.613257464e-1,.5858362653,-.1253062547
.533823236e-1,.6147046162,-.5520468984e-1
.439146593e-1,.6417202252,.1181755579e-1
.330990798e-1,.6670974182,.7640235213e-1
.210655693e-1,.6909941962,.1390426818
.79116520e-2,.7135290992,.2001313970
-.62889445e-2,.7347917452,.2599920712
-.214806782e-1,.7548496462,.3188995347
-.376224719e-1,.7737527342,.3770942302
.572902884e-1,.4444958779,-.5695328229
.646879863e-1,.4920116297,-.4569074034
.667426625e-1,.5330328442,-.3607265576
.652360097e-1,.5697252030,-.2747373742
.610803149e-1,.6031976025,-.1957623368
.548167573e-1,.6341078590,-.1219195482
.467965933e-1,.6628829300,-.5198057191e-1
.372618347e-1,.6898169840,.1491371732e-1
.263861955e-1,.7151211740,.7939667580e-1
.142978708e-1,.7389513240,.1419556466
.10930979e-2,.7614244110,.2029796278
-.131553623e-1,.7826288780,.2627894918
-.283927207e-1,.8026313220,.3216581636
.309067618e-1,.4325481077,-.7167354229
.484295792e-1,.4923711198,-.5706868965
.558906250e-1,.5399638718,-.4578601847
.579845257e-1,.5810327657,-.3615631033
.565058368e-1,.6177591134,-.2754970120
.523717797e-1,.6512578142,-.1964670520
.461258966e-1,.6821895542,-.1225831484
.381207426e-1,.7109828702,-.5261243124e-1
.285991139e-1,.7379328842,.1430684579e-1
.177352327e-1,.7632513652,.7880969332e-1
.56576428e-2,.7870945632,.1413845543
-.75371678e-2,.8095797592,.2024211754
-.217762494e-1,.8307956272,.2622409595
-.485647286e-1+.3303091278e-1*I,.3588627085+.4014965366e-1*I,-1.047197551+.1214026535*I
.172107102e-1,.4773376286,-.7299148700
.358940679e-1,.5385712976,-.5799135218
.438689591e-1,.5867886376,-.4654494263
.462784507e-1,.6282411369,-.3682143796
.450237757e-1,.6652397780,-.2815301903
.410625822e-1,.6989485980,-.2020599551
.349576384e-1,.7300516520,-.1278469504
.270720100e-1,.7589902530,-.5762243513e-1
.176548211e-1,.7860672150,.9496509983e-2
.68843834e-2,.8114992790,.7415824629e-1
-.51079565e-2,.8354461000,.1368600395
-.182237010e-1,.8580274030,.1979976779
.38281936e-1,.2855222748,.1168455924
.25519005e-1,.3085324288,.1784487678
.11685368e-1,.3302411204,.2387147261
-.3157440e-2,.3507231484,.2979338186
-.18963508e-1,.3700343154,.3563574077
-.35699686e-1,.3882149172,.4142095716
-.53343692e-1,.4052920398,.4716959660
-.71882912e-1,.4212810128,.5290109592
-.91313763e-1,.4361861936,.5863437621
-.111641506,.4500011848,.6438841156
-.132880518,.4627085146,.7018280302
-.155055023,.4742787342,.7603840553
-.178200415,.4846688256,.8197806744
.557685307e-1,.3085582866,.7979524979e-1
.43672920e-1,.3323795800,.1423434477
.30461384e-1,.3548444463,.2033588582
.16206557e-1,.3760411744,.2631620006
.963127e-3,.3960362388,.3220255441
-.15228522e-1,.4148787256,.3801884163
-.32339891e-1,.4326032770,.4378661682
-.50352781e-1,.4492320139,.4952590263
-.69258340e-1,.4647756951,.5525585342
-.89056617e-1,.4792342627,.6099534395
-.109756561,.4925968383,.6676353464
-.131376475,.5048411739,.7258046101
-.153944979,.5159324824,.7846769896
.717951402e-1,.3311138634,.4016246301e-1
.604362688e-1,.3558306764,.1038481183
.479052539e-1,.3791227277,.1657702773
.342884239e-1,.4010949527,.2262886185
.196510418e-1,.4218266785,.2857034318
.40419889e-2,.4413773216,.3442731012
-.125031172e-1,.4597901755,.4022265666
-.299598525e-1,.4770949280,.4597726799
-.483136655e-1,.4933092665,.5171076279
-.675591265e-1,.5084397911,.5744212156
-.876996535e-1,.5224823482,.6319026114
-.1087476815,.5354218205,.6897460319
-.1307253055,.5472313535,.7481568607
.862267071e-1,.3530706422,-.2345698648e-2
.756882088e-1,.3787846322,.6271661989e-1
.639069865e-1,.4029880703,.1257384030
.509866659e-1,.4258069153,.1871309370
.370055285e-1,.4473363174,.2472306601
.220226544e-1,.4676480919,.3063214932
.60819824e-2,.4867956459,.3646502669
-.107849865e-1,.5048172695,.4224379340
-.285574090e-1,.5217382987,.4798881333
-.472239910e-1,.5375724610,.5371941363
-.667824124e-1,.5523225770,.5945448849
-.872392104e-1,.5659807010,.6521306588
-.1086101090,.5785277190,.7101488555
.988968726e-1,.3742816180,-.4810652017e-1
.892818161e-1,.4011180674,.1863551284e-1
.783342188e-1,.4263347916,.8299724739e-1
.661801600e-1,.4500850408,.1454593761
.529143514e-1,.4724839378,.2064063363
.386084075e-1,.4936185324,.2661558099
.233162201e-1,.5135543306,.3249784641
.70775207e-2,.5323396271,.3831118205
-.100797418e-1,.5500083940,.4407704783
-.281378601e-1,.5665821550,.4981540745
-.470884388e-1,.5820711150,.5554538739
-.669319716e-1,.5964746730,.6128586330
-.876778653e-1,.6097813950,.6705602529
.1095970137,.3945594927,-.9761442535e-1
.1010357764,.4226768782,-.2879967928e-1
.910256214e-1,.4490330797,.3720742783e-1
.797227206e-1,.4738179259,.1009833942
.672431308e-1,.4971724862,.1629776609
.536742885e-1,.5192030408,.2235531459
.390823014e-1,.5399899450,.2830124235
.235167212e-1,.5595934290,.3416154878
.70137188e-2,.5780574610,.3995924021
-.104018046e-1,.5954123070,.4571527606
-.287148679e-1,.6116761780,.5144931848
-.479196335e-1,.6268561690,.5718036438
-.680191152e-1,.6409486170,.6292732130
.1180593701,.4136583506,-.1515327584
.1107220657,.4432634484,-.8012064927e-1
.1017813884,.4709196193,-.1207048285e-1
.914354349e-1,.4968676512,.5333100933e-1
.798289463e-1,.5212834818,.1166236493
.670699568e-1,.5442984266,.1782321601
.532400095e-1,.5660116030,.2385023344
.384007029e-1,.5864978860,.2977246861
.225979956e-1,.6058131390,.3561506957
.58650805e-2,.6239977080,.4140045191
-.117757226e-1,.6410787220,.4714918651
-.303117693e-1,.6570715530,.5288071313
-.497394439e-1,.6719805940,.5861395365
.1239296565,.4312432695,-.2107800168
.1180468558,.4626163426,-.1360438991
.1103490154,.4917832031,-.6541692819e-1
.1010955032,.5190591165,.2018170870e-2
.904712167e-1,.5446688307,.6693130215e-1
.786119875e-1,.5687774500,.1298339191
.656195234e-1,.5915086030,.1911314913
.515706767e-1,.6129557030,.2511564002
.365234225e-1,.6331892220,.3101897016
.205208077e-1,.6522614840,.3684762090
.35935834e-2,.6702098660,.4262354919
-.142380642e-1,.6870589060,.4836703043
-.329634452e-1,.7028215970,.5409734540
.1267195443,.4468364565,-.2766834390
.1226193378,.4803763044,-.1975674737
.1164010915,.5113416369,-.1236192096
.1084193985,.5401634701,-.5359882088e-1
.989182855e-1,.5671384203,.1335954865e-1
.880727715e-1,.5924792288,.7789351472e-1
.760119470e-1,.6163428048,.1404932338
.628326924e-1,.6388469108,.2015496343
.486082530e-1,.6600805758,.2613849392
.333937955e-1,.6801108558,.3202730249
.172300906e-1,.6989873088,.3784536645
.1459678e-3,.7167449788,.4361429835
-.178400819e-1,.7334063398,.4935415665
.1257163837,.4597128547,-.3512783977
.1238971096,.4960252142,-.2661452743
.1194986327,.5292025101,-.1877835246
.1130362517,.5598710927,-.1144008620
.1048469171,.5884405330,-.4481757773e-1
.951639618e-1,.6151944510,.2179646830e-1
.841554521e-1,.6403371350,.8605626171e-1
.719456975e-1,.6640196850,.1484369552
.586281328e-1,.6863556710,.2093191801
.442734110e-1,.7074309760,.2690179506
.289346680e-1,.7273101850,.3278020493
.126510199e-1,.7460408450,.3859076772
-.45501100e-2,.7636562910,.4435485424
.1197883332,.4686707283,-.4379710418
.1210810840,.5087658104,-.3440322462
.1190259576,.5447914872,-.2595402811
.1144432457,.5777448416,-.1816402834
.1078293702,.6082292808,-.1086052197
.995107423e-1,.6366415628,-.3929122932e-1
.897142531e-1,.6632574778,.2711036276e-1
.786037535e-1,.6882761908,.9120087088e-1
.663006397e-1,.7118452618,.1534463397
.528962360e-1,.7340756938,.2142211373
.384596006e-1,.7550514308,.2738358839
.230426167e-1,.7748355368,.3325562587
.66833729e-2,.7934743088,.3906162890
.1068726471,.4714203915,-.5433193467
.1128841064,.5172511460,-.4350658780
.1140628545,.5572076543,-.3414599050
.1119247989,.5931325308,-.2571924015
.1072770889,.6260068788,-.1794545479
.1006096399,.6564261978,-.1065417788
.922452081e-1,.6847828038,-.3732265387e-1
.824084426e-1,.7113497628,.2900404087e-1
.712617201e-1,.7363244478,.9303485135e-1
.589254185e-1,.7598531768,.1552326353
.454901185e-1,.7820460548,.2159695729
.310243188e-1,.8029863408,.2755547441
.155794584e-1,.8227365628,.3342527410
.820636725e-1,.4622759954,-.6838314894
.969022820e-1,.5188363060,-.5468462402
.1030945768,.5648868690,-.4380261505
.1043894977,.6049845878,-.3440810153
.1023359473,.6410121818,-.2595847748
.977544698e-1,.6739670358,-.1816816966
.911416109e-1,.7044527108,-.1086443081
.828238518e-1,.7328660488,-.3932851643e-1
.730281262e-1,.7594828928,.2707449983e-1
.619183128e-1,.7845024408,.9116614202e-1
.496158284e-1,.8080722758,.1534125155
.362120105e-1,.8303034198,.2141880323
.217759275e-1,.8512798278,.2738033409
.68816198e-1,.2823872028,.1737032381
.55063511e-1,.3041942912,.2340623155
.40297468e-1,.3247696268,.2933534893
.24565077e-1,.3441703496,.3518306947
.7900403e-2,.3624378664,.4097197861
-.9673474e-2,.3796002318,.4672275816
-.28143218e-1,.3956736542,.5245490985
-.47504555e-1,.4106633302,.5818737432
-.67762054e-1,.4245637052,.6393910126
-.88929360e-1,.4373581938,.6972962134
-.111029894,.4490183278,.7557966723
-.134098115,.4595022212,.8151190165
-.158181504,.4687521596,.8755182996
.875607314e-1,.3061108398,.1387236591
.74412390e-1,.3286525211,.1998195030
.60217039e-1,.3499215431,.2596857749
.45030305e-1,.3699855215,.3185975176
.28893331e-1,.3888944668,.3767953185
.11835263e-1,.4066838068,.4344958613
-.6125128e-2,.4233763575,.4919000758
-.24978459e-1,.4389835228,.5491998467
-.44724262e-1,.4535058741,.6065839311
-.65370955e-1,.4669331765,.6642436073
-.86936274e-1,.4792438739,.7223785436
-.109448195,.4904039588,.7812033912
-.132946487,.5003650930,.8409557458
.1049568198,.3294636757,.1014168775
.924694410e-1,.3528087684,.1634001910
.788933329e-1,.3748304910,.2239669936
.642944738e-1,.3956090426,.2834195129
.487223142e-1,.4152045297,.3420174961
.322129408e-1,.4336608174,.3999908359
.14791183e-1,.4510080853,.4575490141
-.3528044e-2,.4672644641,.5148885842
-.22738964e-1,.4824369743,.5721994917
-.42844652e-1,.4965218789,.6296708238
-.63857186e-1,.5095044959,.6874964923
-.85798267e-1,.5213584468,.7458813233
-.108700376,.5320442508,.8050481131
.1208927703,.3523501990,.6155603791e-1
.1091330780,.3765798066,.1246109011
.962326563e-1,.3994228382,.1860298024
.822701833e-1,.4209749282,.2461503159
.673050476e-1,.4413082632,.3052571569
.513814336e-1,.4604765516,.3635977219
.345310501e-1,.4785183353,.4213933494
.167749230e-1,.4954591719,.4788479269
-.18754875e-2,.5113129913,.5361548587
-.214177011e-1,.5260828085,.5935031141
-.418580925e-1,.5397608745,.6510828976
-.632122130e-1,.5523282865,.7090914232
-.855055990e-1,.5637540055,.7677392936
.1352332003,.3746546269,.1885302880e-1
.1242814059,.3998662487,.8320771788e-1
.1121235107,.4236118342,.1456642181
.988541382e-1,.4460063995,.2066067042
.845448365e-1,.4671369128,.2663526717
.692494450e-1,.4870688164,.3251726577
.530076530e-1,.5058503541,.3833040918
.358473728e-1,.5235154527,.4409615111
.177862800e-1,.5400855982,.4983445152
-.11672601e-2,.5555709582,.5556443507
-.210137708e-1,.5699708962,.6130497750
-.417626891e-1,.5832739432,.6707527099
-.634328447e-1,.5954572092,.7289541603
.1478117786,.3962334735,-.2706238767e-1
.1377664752,.4225469511,.3888049992e-1
.1264318666,.4472932560,.1026052384
.1139231485,.4706124110,.1645586027
.1003271295,.4926099310,.2251016672
.857094367e-1,.5133655900,.2845357133
.701192424e-1,.5329391558,.3431198179
.535924041e-1,.5513742142,.4010834064
.361535513e-1,.5687007032,.4586356531
.178174227e-1,.5849365382,.5159729291
-.14103753e-2,.6000885322,.5732851106
-.215330843e-1,.6141527472,.6307613237
-.425629588e-1,.6271142862,.6885956289
.1584205388,.4169043881,-.7667404163e-1
.1494060448,.4444708318,-.8770273685e-2
.1389945343,.4703391793,.5651507206e-1
.1273286076,.4946827613,.1197149693
.1145147810,.5176310507,.1812495085
.1006334784,.5392818042,.2414612611
.857454352e-1,.5597088468,.3006384679
.698959191e-1,.5789672028,.3590310089
.531175451e-1,.5970965148,.4168619339
.354321311e-1,.6141233048,.4743362338
.168518623e-1,.6300623818,.5316479094
-.26200851e-2,.6449176088,.5889860730
-.229893832e-1,.6586820898,.6465406266
.1667935445,.4364286934,-.1306287549
.1589714175,.4654444809,-.6026865353e-1
.1496096318,.4925887866,.6956868608e-2
.1388887063,.5180810342,.7170337814e-1
.1269414910,.5420827045,.1344728930
.1138675635,.5647148365,.1956644486
.997421872e-1,.5860689145,.2556059363
.846221033e-1,.6062139075,.3145752369
.685493594e-1,.6252009265,.3728149362
.515538663e-1,.6430663265,.4305430755
.336550690e-1,.6598337445,.4879614416
.148629747e-1,.6755153445,.5452623452
-.48213412e-2,.6901124335,.6026345764
.1725806140,.4544826509,-.1898179163
.1661687042,.4852125825,-.1163188704
.1580223693,.5138342896,-.4664553434e-1
.1483771206,.5406340409,.2003950294e-1
.1374024454,.5658178507,.8435584313e-1
.1252236336,.5895380122,.1467817091
.1119348275,.6119089552,.2076998390
.976072130e-1,.6330172092,.2674267256
.822943457e-1,.6529278712,.3262321956
.660356837e-1,.6716889022,.3843531801
.488589408e-1,.6893339902,.4420038814
.307816186e-1,.7058844082,.4993836903
.118119175e-1,.7213501242,.5566837594
.1753022698,.4706070129,-.2555212843
.1706084529,.5034253160,-.1778982061
.1639029606,.5337983926,-.1050720811
.1555059777,.5621154331,-.3592020036e-1
.1456405704,.5886475775,.3035338418e-1
.1344680772,.6135909375,.9434185559e-1
.1221081529,.6370909525,.1565058239
.1086508538,.6592570895,.2172159200
.941642805e-1,.6801721265,.2767801351
.786995595e-1,.6998982075,.3354622924
.622941603e-1,.7184808765,.3934951222
.449740974e-1,.7359517565,.4510900021
.267553541e-1,.7523302755,.5084446084
.1742654927,.4841105741,-.3296833173
.1717529722,.5195802814,-.2464229209
.1668103570,.5520961662,-.1694156476
.1598990110,.5822190240,-.9705543233e-1
.1513255227,.6103215188,-.2826568268e-1
.1413045569,.6366645808,.3772165364e-1
.1299919057,.6614375748,.1014818478
.1175033599,.6847812488,.1634635203
.1039261626,.7068016478,.2240290232
.893262737e-1,.7275789468,.2834805296
.737531279e-1,.7471732348,.3420777520
.572428002e-1,.7656283628,.4000505566
.398201076e-1,.7829744948,.4576084088
.1683859409,.4938624684,-.4155121324
.1688163275,.5329093308,-.3240729367
.1661283407,.5681657562,-.2412807325
.1610467489,.6005127139,-.1646148127
.1540199974,.6304952930,-.9251361857e-1
.1453472862,.6584771820,-.2392556799e-1
.1352386841,.6847137180,.4190215278e-1
.1238469320,.7093905640,.1055350060
.1112856882,.7326458730,.1674150129
.976406357e-1,.7545837920,.2278999609
.829765429e-1,.7752830510,.2872888161
.673419001e-1,.7948025880,.3458390225
.507720003e-1,.8131853050,.4037788697
.1557373784,.4977566558,-.5190364671
.1605484401,.5421283053,-.4145139619
.1609414840,.5811297784,-.3231820429
.1582258045,.6163525419,-.2404635122
.1531222333,.6486727820,-.1638514064
.1460772022,.6786331440,-.9179109107e-1
.1373887578,.7065959070,-.2323490129e-1
.1272662462,.7328155370,.4256759870e-1
.1158619306,.7574771120,.1061803260
.1032891335,.7807183770,.1680442662
.896332909e-1,.8026431810,.2285164913
.749589840e-1,.8233300240,.2878954597
.593145533e-1,.8428376650,.3464382611
.98037470e-1,.2782051198,.2286504907
.83360944e-1,.2988892648,.2880273132
.67714386e-1,.3183943198,.3465685080
.51132939e-1,.3367630008,.4045020610
.33640617e-1,.3540244974,.4620361943
.15251601e-1,.3701960460,.5193667273
-.4029031e-2,.3852838202,.5766833347
-.24205045e-1,.3992832416,.6341752748
-.45289244e-1,.4121787490,.6920370846
-.67304121e-1,.4239429998,.7504747231
-.90283068e-1,.4345354068,.8097127316
-.114272284,.4438998150,.8700031487
-.139333665,.4519609874,.9316372765
.117943856,.3025141540,.1954947224
.103821342,.3238717103,.2554393074
.88703982e-1,.3440200155,.3144109819
.72633864e-1,.3630102246,.3726524130
.55640926e-1,.3808787315,.4303816988
.37744644e-1,.3976492075,.4878006621
.18955049e-1,.4133338457,.5451016311
-.726758e-3,.4279339847,.6024733979
-.21308552e-1,.4414401738,.6601068719
-.42807377e-1,.4538316950,.7182009144
-.65250435e-1,.4650754841,.7769688607
-.88676584e-1,.4751243101,.8366463589
-.113138642,.4839139700,.8975014059
.1365946091,.3265425578,.1602117065
.1230733817,.3486309886,.2208443476
.1085264101,.3694726102,.2803481504
.930039158e-1,.3891284664,.3389847269
.765426224e-1,.4076431958,.3969852689
.59167905e-1,.4250476424,.4545601243
.40895172e-1,.4413605360,.5119063549
.21730665e-1,.4565894618,.5692141052
.1671769e-2,.4707312424,.6266723694
-.19293114e-1,.4837717790,.6844746628
-.41185162e-1,.4956853310,.7428250816
-.64036256e-1,.5064331462,.8019452879
-.87890787e-1,.5159612658,.8620831488
.1538957429,.3502112780,.1226233188
.1410304388,.3730969953,.1840889416
.1271008938,.3946891099,.2442463054
.1121670408,.4150604699,.3033815455
.962735031e-1,.4342653165,.3617430589
.794523550e-1,.4523426366,.4195528730
.617249440e-1,.4693183778,.4770153175
.431030240e-1,.4852068279,.5343240356
.235893583e-1,.5000113454,.5916680502
.31778575e-2,.5137245288,.6492374385
-.18146727e-1,.5263278418,.7072290966
-.40409594e-1,.5377906578,.7658530888
-.63647259e-1,.5480685888,.8253401827
.1697347433,.3734265078,.8250526796e-1
.1575896553,.3971876604,.1449805652
.1443321786,.4195966857,.2059379974
.1300340850,.4407408227,.2656956782
.1147493869,.4606857243,.3245245794
.985179168e-1,.4794798082,.3826624383
.813677072e-1,.4971571480,.4403239985
.633165412e-1,.5137393594,.4977089869
.443728840e-1,.5292367320,.5550087105
.245363108e-1,.5436487500,.6124119227
.37974846e-2,.5569640640,.6701104791
-.178623152e-1,.5691599170,.7283052481
-.404721795e-1,.5802009510,.7872128145
.1839755005,.3960747169,.3957314615e-1
.1726277790,.4208050824,.1032767489
.1601070119,.4441095905,.1652132376
.1464997471,.4660934421,.2257429321
.1318714157,.4868361693,.2851665759
.1162710320,.5063973495,.3437428707
.997343238e-1,.5248204112,.4017009804
.822858100e-1,.5421351572,.4592499041
.639401276e-1,.5583593782,.5165859133
.447027876e-1,.5734997752,.5738988457
.245704539e-1,.5875522902,.6313778489
.35307734e-2,.6005019102,.6892170683
-.184382548e-1,.6123218912,.7476217547
.1964511496,.4180154541,-.6537844567e-2
.1859954190,.4438300509,.5866954373e-1
.1742893677,.4681248599,.1218071852
.1614384976,.4910281227,.1832920817
.1475224834,.5126366836,.2434646513
.1326014814,.5330236643,.3026116189
.1167202950,.5522435248,.3609817943
.999111509e-1,.5703354348,.4187974894
.821955276e-1,.5873255048,.4762632200
.635853001e-1,.6032281668,.5335727271
.440833481e-1,.6180469228,.5909150571
.236836986e-1,.6317745118,.6484802372
.23712272e-2,.6443925488,.7064650353
.2069535637,.4390705878,-.5630330850e-1
.1975088181,.4661140544,.1076279802e-1
.1867137399,.4915161672,.7538249424e-1
.1746989300,.5154356757,.1380507044
.1615623550,.5379916587,.1991616099
.1473780726,.5592741352,.2590397121
.1322018842,.5793509322,.3179604978
.1160750766,.5982722352,.3761648683
.990269166e-1,.6160736182,.4338697201
.810762813e-1,.6327780272,.4912761161
.622326515e-1,.6483969842,.5485760076
.424965927e-1,.6629311792,.6059581535
.218597839e-1,.6763704962,.6636137759
.2152174011,.4590075399,-.1103571743
.2069377565,.4874672069,-.4096222390e-1
.1971755233,.5141247616,.2550326528e-1
.1860958148,.5391809024,.8964469778e-1
.1738209006,.5627842485,.1519308404
.1604427376,.5850465785,.2127379437
.1460308643,.6060524135,.2723779415
.1306375399,.6258652775,.3311174438
.1143011630,.6445318455,.3891911301
.970485451e-1,.6620847065,.4468116824
.788963811e-1,.6785441535,.5041775650
.598521192e-1,.6939192395,.5614795112
.399143381e-1,.7082082375,.6189063419
.2208946347,.4775118625,-.1695696318
.2139870032,.5076392353,-.9720105346e-1
.2054167056,.5357456084,-.2840479543e-1
.1953985558,.5620920920,.3758768742e-1
.1840884441,.5868681730,.1013519879
.1716022313,.6102146830,.1633369399
.1580272105,.6322377270,.2239050413
.1434293804,.6530175290,.2833585709
.1278582051,.6726142130,.3419573148
.1113497861,.6910716600,.3999311884
.939289612e-1,.7084200620,.4574896924
.756106571e-1,.7246775630,.5148293899
.564006586e-1,.7398511930,.5721402296
.2235113277,.4941394809,-.2351833082
.2182664408,.5262879493,-.1589160306
.2111037093,.5561052433,-.8711799502e-1
.2023138377,.5839447212,-.1876635623e-1
.1921015810,.6100552632,.4687413153e-1
.1806161412,.6346182302,.1103575629
.1679686929,.6577687552,.1721183034
.1542430953,.6796087712,.2325088396
.1395027231,.7002153112,.2918244008
.1237949561,.7196459652,.3503197957
.1071541671,.7379425142,.4082214839
.896037032e-1,.7551333382,.4657366802
.711571416e-1,.7712349392,.5230606290
.2223878900,.5082264289,-.3090717658
.2192396713,.5429234339,-.2274959577
.2137911771,.5748244139,-.1517219646
.2064583236,.6044349222,-.8030005996e-1
.1975214976,.6320957742,-.1224223654e-1
.1871789618,.6580479612,.5316533116e-1
.1755755708,.6824675562,.1164628203
.1628194376,.7054859722,.1780751995
.1489921646,.7272024002,.2383484307
.1341553944,.7476917662,.2975731464
.1183551232,.7670099802,.3560009106
.1016245729,.7851974222,.4138559378
.839860899e-1,.8022812582,.4713439758
.2164740241,.5186976845,-.3942900953
.2161275510,.5568002608,-.3050654295
.2128585562,.5913504608,-.2238059737
.2073132094,.6231337150,-.1482651388
.1998992098,.6526455890,-.7702139940e-1
.1908921417,.6802210600,-.9102937710e-2
.1804872293,.7060974270,.5619406667e-1
.1688272878,.7304482830,.1194032723
.1560189846,.7534032870,.1809452381
.1421428562,.7750603300,.2411628520
.1272597248,.7954933430,.3003445861
.1114149280,.8147574340,.3587404781
.946411379e-1,.8328923190,.4165736905
.126035331,.2730768583,.2819631948
.110486714,.2927009609,.3405794034
.94000134e-1,.3111849546,.3985655732
.76600680e-1,.3285593335,.4561315945
.58303502e-1,.3448425127,.5134742596
.39114594e-1,.3600417794,.5707836062
.19031101e-1,.3741536622,.6282486752
-.1958827e-2,.3871637567,.6860631891
-.23876643e-1,.3990459870,.7444316257
-.46754543e-1,.4097612185,.8035762395
-.70637295e-1,.4192550359,.8637457579
-.95585010e-1,.4274543714,.9252267867
-.121677303,.4342624523,.9883595799
.147023903,.2978870200,.2504335409
.131988495,.3181349377,.3094773591
.115997281,.3372210569,.3677715812
.99081150e-1,.3551829233,.4255360271
.81260410e-1,.3720452210,.4829736113
.62545859e-1,.3878210774,.5402772253
.42939345e-1,.4025127353,.5976357384
.22433846e-1,.4161116628,.6552396635
.1013127e-2,.4285981237,.7132869545
-.21349111e-1,.4399401511,.7719894487
-.44690668e-1,.4500917992,.8315805675
-.69063074e-1,.4589904330,.8923251211
-.94534938e-1,.4665526555,.9545324979
.1668354088,.3224924602,.2169352486
.1523535126,.3434131816,.2765041739
.1368932634,.3631446982,.3351898897
.1204921886,.3817326246,.3932252482
.103176353,.3992086434,.4508217061
.84961785e-1,.4155922362,.5081769885
.65855306e-1,.4308916966,.5654815099
.45854878e-1,.4451045462,.6229241683
.24949500e-1,.4582174128,.6806980083
.3118646e-2,.4702053476,.7390062369
-.19668821e-1,.4810305016,.7980691328
-.43456408e-1,.4906399928,.8581325474
-.68302658e-1,.4989626596,.9194790062
.1853896782,.3468262491,.1813273550
.1715070519,.3684753938,.2415376090
.1566177517,.3889009086,.3007136588
.1407670287,.4081577972,.3591053433
.1239874819,.4262856841,.4169356834
.1063009166,.4433110742,.4744096529
.877195061e-1,.4592487643,.5317212425
.682464160e-1,.4741026020,.5890595607
.478759618e-1,.4878656782,.6466145152
.26593324e-1,.5005199792,.7045825608
.4373782e-2,.5120354566,.7631730115
-.18818627e-1,.5223683965,.8226155058
-.43033202e-1,.5314588765,.8831694293
.2025916459,.3708104943,.1434329775
.1893611193,.3932522776,.2044243713
.1750884101,.4144272696,.2642086764
.1598279270,.4344016050,.3230578595
.1436198244,.4532240925,.3812103528
.1264924092,.4709291396,.4388813734
.1084637087,.4875386582,.4962709388
.895424141e-1,.5030632131,.5535704939
.697283215e-1,.5175025565,.6109687880
.490123228e-1,.5308456175,.6686575272
.273759409e-1,.5430699365,.7268372781
.47903636e-2,.5541404905,.7857241366
-.187851617e-1,.5640077465,.8455578348
.2183276899,.3943528878,.1030296406
.2058113563,.4176627849,.1649723351
.1922082291,.4396516659,.2255069464
.1775838128,.4603991514,.2849344145
.1619871785,.4799648892,.3435135803
.1454541020,.4983923654,.4014737042
.1280091437,.5157114332,.4590238484
.1096669771,.5319399280,.5163603211
.904331490e-1,.5470845930,.5736729744
.703043573e-1,.5611414140,.6311509488
.492682860e-1,.5740954210,.6889883567
.273029739e-1,.5859199190,.7473903926
.43756424e-2,.5965750660,.8065804202
.2324606035,.4173418589,.5983560368e-1
.2207328663,.4416103087,.1229397190
.2078619684,.4644892272,.1843978847
.1939271794,.4860749676,.2445493650
.1789883455,.5064402727,.3036800681
.1630900191,.5256392989,.3620382333
.1462642179,.5437109630,.4198457756
.1285322363,.5606811480,.4773069549
.1099057822,.5765640870,.5346153764
.903875741e-1,.5913630830,.5919600527
.699714770e-1,.6050706790,.6495310816
.486421938e-1,.6176682820,.7075254095
.263744734e-1,.6291251970,.7661531856
.2448224520,.4396395689,.1349005314e-1
.2339744069,.4649772995,.7801972521e-1
.2219112717,.4888380678,.1406160162
.2087298738,.5113395679,.2016696892
.1945034173,.5325707808,.2615028525
.1792870364,.5525987230,.3203893039
.1631214771,.5714729230,.3785687585
.1460355461,.5892283950,.4362573050
.1280477156,.6058875920,.4936555032
.1091670897,.6214615800,.5509550563
.893938676e-1,.6359506020,.6083447133
.687193536e-1,.6493440880,.6660159219
.471255155e-1,.6616201190,.7241687059
.2552041881,.4610714663,-.3647653081e-1
.2453501370,.4876174152,.2981809764e-1
.2341878640,.5125731961,.9382334329e-1
.2218373075,.5360845987,.1560007112
.2083887341,.5582613420,.2167214419
.1939104009,.5791863950,.2762939587
.1784535586,.5989220520,.3349823888
.1620557788,.6175139830,.3930196754
.1447431634,.6349939170,.4506173388
.1265317750,.6513813750,.5079731389
.1074284678,.6666846900,.5652775069
.874312345e-1,.6809014230,.6227193358
.665291062e-1,.6940182400,.6804916457
.2633399194,.4814100735,-.9068844281e-1
.2546274905,.5093436830,-.2218075299e-1
.2444837697,.5355375331,.4358334523e-1
.2330602914,.5601758155,.1071654284
.2204698684,.5833956560,.1690049072
.2067975615,.6053004480,.2294577633
.1921076667,.6259683430,.2888216866
.1764482962,.6454578240,.3473532250
.1598544310,.6638114100,.4052800429
.1423499451,.6810581210,.4628101488
.1239488924,.6972150390,.5201392397
.1046562327,.7122881930,.5774569468
.844680789e-1,.7262728580,.6349525620
.2688819958,.5003485946,-.1499999033
.2615086709,.5299099082,-.7866696274e-1
.2525368228,.5575281900,-.1067871047e-1
.2421631951,.5834425848,.5467366870e-1
.2305316227,.6078279248,.1179270931
.2177494959,.6308147458,.1795043236
.2038978848,.6525015898,.2397497880
.1890380227,.6729628868,.2989530363
.1732155767,.6922541468,.3573648733
.1564634946,.7104154178,.4152089836
.1388038849,.7274735728,.4726907729
.1202491982,.7434437458,.5300044692
.1008028650,.7583301078,.5873392448
.2713590531,.5174552587,-.2156253693
.2656009795,.5489799379,-.1405932211
.2580082509,.5782745640,-.6973902431e-1
.2488461354,.6056615730,-.2125684348e-2
.2383033029,.6313702950,.6292906934e-1
.2265181414,.6555689450,.1259448096
.2135941804,.6783833640,.1873325252
.1996096270,.6999086140,.2474284522
.1846235067,.7202164430,.3065163626
.1686797123,.7393602010,.3648429849
.1518097065,.7573781340,.4226292016
.1340343008,.7742955360,.4800786053
.1153647575,.7901261000,.5373844455
.2700995281,.5320878060,-.2893844548
.2663661251,.5660735100,-.2093299913
.2604461797,.5974014326,-.1346817151
.2527169904,.6265301878,-.6412224267e-1
.2434361891,.6537729318,.3259874768e-2
.2327875605,.6793530568,.6813089194e-1
.2209061805,.7034347518,.1309998685
.2078932163,.7261409858,.1922706400
.1938251186,.7475646868,.2522744508
.1787595506,.7677759448,.3112915493
.1627393062,.7868267768,.3695661856
.1457949252,.8047543048,.4273175400
.1279464071,.8215828388,.4847481214
.152883143,.2670847450,.3338699181
.136503030,.2856981508,.3919175905
.119207681,.3031990714,.4495217543
.101013341,.3196072526,.5068803724
.81927034e-1,.3349312322,.5641839584
.61946923e-1,.3491687768,.6216213831
.41062212e-1,.3623067652,.6793855315
.19252603e-1,.3743205224,.7376793101
-.3512787e-2,.3851725122,.7967225246
-.27277158e-1,.3948102230,.8567603375
-.52098676e-1,.4031629536,.9180742949
-.78054438e-1,.4101369886,.9809974778
-.105246485,.4156083004,1.045936355
.174886825,.2923252177,.3038058418
.158986482,.3115217921,.3621625970
.142158720,.3295910724,.4199691839
.124424813,.3465589174,.4774298320
.105796448,.3624395345,.5347381296
.86276326e-1,.3772362043,.5920830864
.65858292e-1,.3909414460,.6496548081
.44527029e-1,.4035366423,.7076502631
.22257263e-1,.4149910714,.7662796355
-.987611e-3,.4252602400,.8257738748
-.25257670e-1,.4342832773,.8863942440
-.50619686e-1,.4419790226,.9484451191
-.77161968e-1,.4482401344,1.012291978
.1957809160,.3174262288,.2718998858
.1803953524,.3372485270,.3306456898
.1640664754,.3559242106,.3887238799
.146821182,.3734859752,.4463472848
.128676246,.3899542074,.5037144551
.109639188,.4053380498,.5610161625
.89708657e-1,.4196358606,.6184412207
.68874365e-1,.4328351332,.6761821426
.47116559e-1,.4449118588,.7344411117
.24404981e-1,.4558292572,.7934367966
.697170e-3,.4655357178,.8534127027
-.24064123e-1,.4739616518,.9146480139
-.49954819e-1,.4810147776,.9774724742
.2154962731,.3423299195,.2380402623
.2006645837,.3628254608,.2972697150
.1848691900,.3821496033,.3557009978
.1681433747,.4003428024,.4135584413
.1505095375,.4174322839,.4710478663
.1319803941,.4334335058,.5283637356
.1125596285,.4483509447,.5856952831
.922420795e-1,.4621783280,.6432322152
.71013479e-1,.4748983117,.7011704361
.48849716e-1,.4864815896,.7597183152
.25715537e-1,.4968853095,.8191040644
.1562499e-2,.5060505887,.8795850159
-.23674109e-1,.5138987701,.9414599765
.2339515085,.3669701673,.2020864569
.2197180498,.3881928684,.2619121939
.2044949938,.4082126974,.3207929775
.1883229960,.4270790712,.3789683264
.1712307890,.4448269141,.4366541953
.1532367763,.4614785965,.4940510621
.1343500001,.4770451089,.5513505900
.1145705982,.4915266194,.6087415278
.938898123e-1,.5049124819,.6664153613
.722895440e-1,.5171806974,.7245721950
.497414052e-1,.5282967598,.7834273859
.262051457e-1,.5382117438,.8432195731
.1626240e-2,.5468593728,.9042210175
.2510502722,.3912701094,.1638623103
.2374662191,.4132821748,.2244196314
.2228598458,.4340515925,.2838647707
.2072804910,.4536383340,.3424572090
.1907641504,.4720861524,.4004266497
.1733355730,.4894251315,.4579824538
.1550096045,.5056733157,.5153211008
.1357919524,.5208376429,.5726325081
.1156794758,.5349142955,.6301057791
.946600262e-1,.5478885065,.6879348838
.727118259e-1,.5597338045,.7463247560
.498023072e-1,.5704106025,.8054983581
.258862569e-1,.5798639445,.8657054409
.2666775764,.4151387555,.1231464643
.2538030240,.4380132317,.1845997601
.2398648092,.4595948075,.2447473991
.2249227205,.4799561567,.3038751420
.2090212656,.4991513798,.3622311212
.1921924233,.5172193475,.4200371827
.1744574551,.5341859032,.4774975381
.1558280383,.5500652402,.5348057675
.1363068614,.5648606282,.5921508792
.1158877605,.5785645732,.6497229830
.945554063e-1,.5911584432,.7077190591
.722845132e-1,.6026115022,.7663493110
.490384613e-1,.6128792382,.8258447180
.2806947449,.4384662341,.7965888466e-1
.2686016270,.4622905576,.1422107676
.2553924044,.4847582363,.2032291097
.2411397555,.5059576117,.2630345499
.2258984032,.5259552011,.3218998474
.2097087576,.5448001232,.3800639874
.1925993428,.5625270502,.4377425630
.1745883781,.5791581272,.4951358264
.1556847341,.5947041362,.5524353326
.1358883822,.6091650442,.6098298291
.1151903931,.6225299952,.6675109087
.935724834e-1,.6347767672,.7256789000
.710060575e-1,.6458706012,.7845495213
.2929322717,.4611169417,.3304138449e-1
.2817085375,.4859980158,.9694600784e-1
.2693016178,.5094409075,.1590430124
.2558005339,.5315538243,.2196999731
.2412725992,.5524185848,.2792227332
.2257683187,.5720965808,.3378736006
.2093246501,.5906327338,.3958842474
.1919671711,.6080581338,.4534653427
.1737114703,.6243917298,.5108141416
.1545639590,.6396413148,.5681208634
.1345221918,.6538039158,.6255744726
.1135747452,.6668656468,.6833683435
.917006329e-1,.6788010008,.7417063093
.3031794529,.4829193400,-.1717143811e-1
.2929352655,.5089910712,.4841171439e-1
.2814209374,.5335189238,.1118493799
.2687468858,.5566371127,.1735735992
.2549964139,.5784468935,.2339352432
.2402324698,.5990247805,.2932284065
.2245020925,.6184279515,.3517070941
.2078393720,.6366978425,.4095972107
.1902674107,.6538625355,.4671056066
.1717995631,.6699382635,.5244273180
.1524401232,.6849302455,.5817517556
.1321845401,.6988329485,.6392684112
.1110191892,.7116298145,.6971725733
.3111687729,.5036501728,-.7159721201e-1
.3020460934,.5310851161,-.3906592683e-2
.2915383718,.5568365163,.6120954014e-1
.2797851113,.5810739422,.1242743033
.2668906332,.6039241982,.1857010957
.2529337345,.6254830642,.2458278312
.2379738949,.6458228372,.3049394658
.2220553740,.6649973162,.3632835631
.2052099417,.6830451182,.4210815798
.1874586786,.6999918662,.4785374760
.1688130945,.7158515522,.5358446965
.1492757177,.7306272482,.5931922199
.1288402217,.7443112652,.6507702285
.3165512907,.5230088593,-.1310788914
.3087394612,.5520371634,-.6069675440e-1
.2993866547,.5791923835,.6546083245e-2
.2886737492,.6046943795,.7130636216e-1
.2767338407,.6287049315,.1340868770
.2636666811,.6513452905,.1952871928
.2495476667,.6727071005,.2552355684
.2344336393,.6928594565,.3142101476
.2183667295,.7118535665,.3724536985
.2013769179,.7297258725,.4301843883
.1834837111,.7465000855,.4876040831
.1646971725,.7621884385,.5449051335
.1450184331,.7767923065,.6022763343
.3188554890,.5405734348,-.1968107247
.3126182327,.5715156603,-.1229067410
.3046204026,.6003178778,-.5292052616e-1
.2951051797,.6272756778,.1401095089e-1
.2842470336,.6526011308,.7852350934e-1
.2721746790,.6764506928,.1411061278
.2589847269,.6989417948,.2021489216
.2447502186,.7201632208,.2619735478
.2295261619,.7401818338,.3208534828
.2133531995,.7590470348,.3790282169
.1962600520,.7767937348,.4367136852
.1782651129,.7934442908,.4941103530
.1593774143,.8090096818,.5514098784
.178641524,.2602967839,.3845635166
.161461481,.2779378606,.4422128783
.143380904,.2944843232,.4995920550
.124407963,.3099461005,.5568921779
.104541941,.3243223232,.6143020132
.83773205e-1,.3376012805,.6720136160
.62082710e-1,.3497598245,.7302282582
.39441003e-1,.3607621527,.7891631691
.15806575e-1,.3705578105,.8490597398
-.8876650e-2,.3790786378,.9101941528
-.34683082e-1,.3862341883,.9728918960
-.61711154e-1,.3919048134,1.037548563
-.90092122e-1,.3959309690,1.104661135
.201603135,.2859070152,.3558332177
.184875232,.3040976762,.4136895951
.167239347,.3211846684,.4711784077
.148708173,.3371834228,.5284940985
.129285377,.3520983932,.5858258973
.108965774,.3659232803,.6433635166
.87735076e-1,.3786407158,.7013028825
.65569150e-1,.3902213641,.7598524001
.42432713e-1,.4006223394,.8192403357
.18277290e-1,.4097847193,.8797241021
-.6961871e-2,.4176297959,.9416026144
-.33370430e-1,.4240534502,1.005233597
-.61062014e-1,.4289175649,1.071058975
.2235138037,.3114349886,.3253625882
.2072689877,.3302128500,.3834921436
.190105756,.3478743614,.4411483542
.172041754,.3644409708,.4985307813
.153085317,.3799228096,.5558306538
.133235893,.3943192074,.6132367314
.112484017,.4076186580,.6709409545
.90810826e-1,.4197982342,.7291443677
.68187070e-1,.4308223832,.7880638362
.44571485e-1,.4406409454,.8479402144
.19908295e-1,.4491861252,.9090489260
-.5876528e-2,.4563679426,.9717143801
-.32880902e-1,.4620673716,1.036330627
.2443133711,.3368297005,.2930633661
.2285856509,.3562361010,.3515440114
.2119255083,.3745091260,.4094354825
.1943560740,.3916768906,.4669446719
.1758907285,.4077556599,.5242666410
.1565337914,.4227506839,.5815908074
.1362807364,.4366564607,.6391066553
.115117965,.4494564611,.6970094478
.93022107e-1,.4611222784,.7555064355
.69958762e-1,.4716120983,.8148241301
.45880518e-1,.4808682915,.8752174172
.20723961e-1,.4888137751,.9369816347
-.5594823e-2,.4953465525,1.000469422
.2639314121,.3620338592,.2588237358
.2487587501,.3821149428,.3177475504
.2326353416,.4010403774,.3759541227
.2155904938,.4188457862,.4336604197
.1976431194,.4355541584,.4910675502
.1788027323,.4511770578,.5483674871
.1590699304,.4657152114,.6057489906
.1384364250,.4791585440,.6634032627
.1168846222,.4914856702,.7215298058
.943867026e-1,.5026627750,.7803429996
.709030844e-1,.5126417458,.8400800408
.46380062e-1,.5213573022,.9010111330
.20746256e-1,.5287226812,.9634533040
.2822851717,.3869820649,.2225032632
.2677106246,.4077901677,.2819797397
.2521617392,.4274139450,.3405957403
.2356749003,.4458976238,.3985817641
.2182751931,.4632716948,.4561476951
.1999777637,.4795545693,.5134903251
.1807886063,.4947535320,.5707996883
.1607048618,.5088651088,.6282648280
.1397146767,.5218748908,.6860794679
.1177965963,.5337567998,.7444480895
.949184215e-1,.5444716978,.8035929543
.710353806e-1,.5539651628,.8637627981
.460873568e-1,.5621641238,.9252442406
.2992768288,.4115983691,.1839260200
.2853500498,.4331938454,.2440864887
.2704188239,.4535683986,.3032241231
.2545278113,.4727763146,.3615874049
.2377091178,.4908566181,.4193984185
.2199841164,.5078352888,.4768615328
.2013645875,.5237266450,.5341704093
.1818533171,.5385340740,.5915140767
.1614442398,.5522502030,.6490826018
.1401221323,.5648565280,.7070728545
.1178618251,.5763224540,.7656948540
.946268340e-1,.5866036360,.8251793004
.703672296e-1,.5956393820,.8857871031
.3147897668,.4357929357,.1428710996
.3015690321,.4582466214,.2038748689
.2873055435,.4794328209,.2636688779
.2720538543,.4994178459,.3225254591
.2558542366,.5182506468,.3806832967
.2387350968,.5359657522,.4383577810
.2207145505,.5525851832,.4957490377
.2018013714,.5681196022,.5530485607
.1819954363,.5825688612,.6104450995
.1612877186,.5959219882,.6681303074
.1396598314,.6081566322,.7263046410
.1170830617,.6192378922,.7851840221
.935167756e-1,.6291163782,.8450079236
.3286834846,.4594573609,.9905926688e-1
.3162384993,.4828539830,.1611023320
.3027019307,.5049237667,.2217165088
.2881404586,.5257477623,.2812059216
.2726040878,.5453867518,.3398316602
.2561293633,.5638851558,.3978245505
.2387415077,.5812736318,.4553946956
.2204557924,.5975707448,.5127390150
.2012783272,.6127839198,.5700475956
.1812063700,.6269098248,.6275094554
.1602281881,.6399341968,.6853182199
.1383224586,.6518311188,.7436781861
.1154571329,.6625616348,.8028113317
.3407864032,.4824579355,.5213368082e-1
.3292023094,.5069009864,.1154614228
.3164639689,.5299410304,.1770979367
.3026533508,.5516777022,.2373902395
.2878323793,.5721862722,.2966297066
.2720472759,.5915229222,.3550684296
.2553314497,.6097282632,.4129309843
.2377074113,.6268296552,.4704233539
.2191879772,.6428426792,.5277400892
.1997769292,.6577719302,.5850704512
.1794692015,.6716112512,.6426041095
.1582506289,.6843434242,.7005368688
.1360972137,.6959392802,.7590769270
.3508854597,.5046256291,.1631222221e-2
.3402687653,.5302445708,.6655750640e-1
.3284164435,.5543615858,.1294706307
.3154303699,.5771005065,.1907765744
.3013875236,.5985549005,.2508080758
.2863459770,.6187953575,.3098464409
.2703488555,.6378742965,.3681366623
.2534269768,.6558291765,.4258984291
.2356005847,.6726846045,.4833345744
.2168804231,.6884536405,.5406379441
.1972682804,.7031384575,.5979974017
.1767570814,.7167304555,.6556034873
.1553305285,.7292098255,.7136542223
.3587104752,.5257406176,-.5306182719e-1
.3491981908,.5527019888,.1387524671e-1
.3383426756,.5780306400,.7839226130e-1
.3262727227,.6018831220,.1409784406
.3130849987,.6243769320,.2020240665
.2988525877,.6456009080,.2618509163
.2836305311,.6656219510,.3207325471
.2674594973,.6844894960,.3789085094
.2503682297,.7022384810,.4365947790
.2323751426,.7188912880,.4939918442
.2134892871,.7344589200,.5512913752
.1937108104,.7489415550,.6086821206
.1730309638,.7623285590,.6663555602
.3639096260,.5455072585,-.1127814701
.3556840687,.5740326695,-.4327385594e-1
.3459693292,.6007479542,.2328051709e-1
.3349322839,.6258559522,.8749277092e-1
.3226964225,.6495067682,.1498354877
.3093545846,.6718132512,.2106875343
.2949769751,.6928607352,.2703626858
.2796163784,.7127133802,.3291288497
.2633116224,.7314183842,.3872216153
.2460898847,.7490087802,.4448542762
.2279681879,.7655052602,.5022256686
.2089542864,.7809172502,.5595266912
.1890470596,.7952433872,.6169461373
