-.2261726760,.2609930474,-.3796618132
-.2270346570,.2984690155,-.2918858296
-.2306948490,.3325437077,-.2116426353
-.2365555140,.3639436888,-.1368540967
-.2442346810,.3931332462,-.6618686334e-1
-.2534719460,.4204289092,.1279833601e-2
-.2640817430,.4460562342,.6621807656e-1
-.2759277920,.4701808752,.1291407533
-.2889080610,.4929268512,.1904543070
-.3029454570,.5143878702,.2504918026
-.3179818210,.5346346272,.3095347732
-.3339739530,.5537196292,.3678283713
-.3508909790,.5716804092,.4255924005
-.2253322345,.2712596259,-.4535303674
-.2234158873,.3121126959,-.3577588129
-.2250213691,.3486849279,-.2720410037
-.2292536387,.3820642485,-.1932599875
-.2355798066,.4128984025,-.1195625691
-.2436531799,.4416087955,-.4973587366e-1
-.2532345068,.4684862445,.1706999776e-1
-.2641518677,.4937397225,.8148256633e-1
-.2762782970,.5175235545,.1439853027
-.2895184450,.5399536435,.2049645556
-.3038002160,.5611176205,.2647393409
-.3190693420,.5810814495,.3235812700
-.3352857850,.5998937995,.3817285262
-.2289660467,.2772659653,-.5397478199
-.2231359863,.3228762260,-.4320615727
-.2220743494,.3626903846,-.3387967518
-.2242978284,.3985114288,-.2547599248
-.2290126087,.4313042488,-.1771889660
-.2357354096,.4616562878,-.1044022031
-.2441472095,.4899553178,-.3528088609e-1
-.2540256580,.5164716108,.3096855759e-1
-.2652098895,.5414007008,.9493778122e-1
-.2775805768,.5648876338,.1570863776
-.2910479008,.5870415858,.2177842742
-.3055439427,.6079451138,.2773389673
-.3210177176,.6276601888,.3360139326
-.2393964219,.2762480053,-.6462770872
-.2272923292,.3294844651,-.5183923945
-.2225120859,.3738186517,-.4139649601
-.2221395462,.4127952025,-.3226919083
-.2248704410,.4479994735,-.2400138269
-.2299860945,.4803050265,-.1634312834
-.2370411764,.5102531705,-.9139342997e-1
-.2457382742,.5382054155,-.2285474864e-1
-.2558684373,.5644157455,.4293388969e-1
-.2672796652,.5890689175,.1065355548
-.2798588202,.6123024555,.1683906675
-.2935206006,.6342200415,.2288558990
-.3082005291,.6549000515,.2882294372
-.2636681544,.2597102771,-.7980787458
-.2380578264,.3293638012,-.6241411280
-.2274223014,.3808151864,-.5010787041
-.2234518320,.4241650822,-.3991353928
-.2236240334,.4624794902,-.3094171546
-.2267617980,.4971892012,-.2278139085
-.2322019203,.5291003582,-.1520197147
-.2395277662,.5587193842,-.8058238689e-1
-.2484585305,.5863876032,-.1251250601e-1
-.2587956873,.6123463292,.5290462778e-1
-.2703942032,.6367718502,.1162097527
-.2831458410,.6597957302,.1778282226
-.2969689065,.6815172732,.2381062686
-.3167033442+.5368245896e-1*I,.2095928749+.6525197014e-1*I,-1.047197552+.1965234467*I
-.2615734703,.3151279243,-.7709339256
-.2389224138,.3811844007,-.6072866942
-.2293414152,.4313539942,-.4876549025
-.2259750441,.4739695962,-.3875467712
-.2265611107,.5117809442,-.2989975427
-.2300113645,.5461108182,-.2182105854
-.2357025070,.5777168572,-.1430188917
-.2432389270,.6070799262,-.7204240076e-1
-.2523521451,.6345263702,-.4333207308e-2
-.2628514466,.6602880052,.6079767484e-1
-.2745970593,.6845347272,.1238742170
-.2874844708,.7073935732,.1853104001
-.3037316964+.1044911364*I,.2411817248+.1270108086*I,-1.047197551+.3760663130*I
-.3226324359+.4599621176e-1*I,.2567312654+.5590920190e-1*I,-1.047197552+.1686703144*I
-.2627707630,.3680178945,-.7527648797
-.2419471597,.4318530707,-.5954263193
-.2330775920,.4811579082,-.4780925272
-.2301295679,.5232650012,-.3792457652
-.2310059831,.5607234262,-.2915100913
-.2346771931,.5947847262,-.2112953303
-.2405467731,.6261738682,-.1365279144
-.2482334609,.6553542842,-.6587690059e-1
-.2574772682,.6826419952,.1577068654e-2
-.2680929001,.7082622282,.6650519518e-1
-.2799442556,.7323804192,.1294197929
-.2917351944+.1403560517*I,.2731656757+.1706052420*I,-1.047197551+.4964862501*I
-.3106359340+.1021721986*I,.2887152162+.1241920989*I,-1.047197552+.3680814172*I
-.3295366735+.4076851047e-1*I,.3042647571+.4955483931e-1*I,-1.047197552+.1496507574*I
-.2670037675,.4187983205,-.7424639706
-.2471658909,.4814353290,-.5885119640
-.2386999826,.5302495090,-.4724757954
-.2359932132,.5720633550,-.3743527610
-.2370384583,.6093165620,-.2870875954
-.2408388005,.6432208990,-.2072052907
-.2468130251,.6744828430,-.1326851099
-.2545880609,.7035558720,-.6222412384e-1
-.2639087961,.7307500750,.5080653608e-2
-.2745930645,.7562868800,.6989018703e-1
-.2807916464+.1711859843*I,.3055762550+.2080795657*I,-1.047197551+.5949947520*I
-.2996923840+.1398826525*I,.3211257940+.1700298168*I,-1.047197552+.4949363846*I
-.3185931231+.1015541589*I,.3366753346+.1234408607*I,-1.047197552+.3659494798*I
-.3374938635+.3927994051e-1*I,.3522248763+.4774545644e-1*I,-1.047197551+.1442248670*I
-.2742736996,.4675938148,-.7398083819
-.2546843036,.5299287868,-.5867081403
-.2463223975,.5786165518,-.4710055376
-.2436782457,.6203542858,-.3730698976
-.2447674757,.6575540258,-.2859270013
-.2486015398,.6914173748,-.2061312732
-.2546031351,.7226460508,-.1316755604
-.2624013059,.7516909588,-.6126417264e-1
-.2717422046,.7788606528,.6001645788e-2
-.2709940130+.1995618809*I,.3384511277+.2425709656*I,-1.047197551+.6813278288*I
-.2898947514+.1720176196*I,.3540006673+.2090904328*I,-1.047197552+.5975846408*I
-.3087954890+.1408501158*I,.3695502067+.1712057855*I,-1.047197552+.4981025939*I
-.3276962292+.1028154847*I,.3850997484+.1249740245*I,-1.047197551+.3702987424*I
-.3465969676+.4227138746e-1*I,.4006492879+.5138161264e-1*I,-1.047197552+.1551243643*I
-.2847901624,.5143002648,-.7452672359
-.2646875062,.5772591178,-.5904067411
-.2561117738,.6262067918,-.4740179839
-.2533390868,.6681007598,-.3756974816
-.2543381018,.7054101598,-.2883036705
-.2581030368,.7393575378,-.2083303476
-.2640485420,.7706543918,-.1337424298
-.2717993144,.7997569118,-.6322935704e-1
-.2624547481+.2266497989*I,.3718358562+.2754968048*I,-1.047197551+.7598290877*I
-.2813554888+.2015322688*I,.3873853975+.2449660061*I,-1.047197552+.6871666208*I
-.3002562262+.1741951704*I,.4029349365+.2117372837*I,-1.047197552+.6043490035*I
-.3191569664+.1433744546*I,.4184844785+.1742741636*I,-1.047197551+.5063422365*I
-.3380577060+.1060758602*I,.4340340189+.1289370679*I,-1.047197552+.3815099386*I
-.3569584441+.4931043424e-1*I,.4495835588+.5993769743e-1*I,-1.047197552+.1806973953*I
-.2990120979,.5585420805,-.7601309916
-.2774616225,.6232607815,-.6002876990
-.2683034073,.6729164715,-.4820232146
-.2651845942,.7152311665,-.3826624578
-.2659421067,.7528341165,-.2945942914
-.2695226593,.7870056115,-.2141452670
-.2753189323,.8184838595,-.1392039576
-.2553118897+.2531249365*I,.4057863708+.3076777992*I,-1.047197551+.8329238347*I
-.2742126296+.2297222099*I,.4213359116+.2792313740*I,-1.047197552+.7684938397*I
-.2931133681+.2048314691*I,.4368854515+.2489762424*I,-1.047197552+.6968977056*I
-.3120141067+.1778289746*I,.4524349919+.2161542367*I,-1.047197551+.6155822341*I
-.3309148473+.1475599303*I,.4679845333+.1793616825*I,-1.047197552+.5199342614*I
-.3498155851+.1113925478*I,.4835340727+.1353995950*I,-1.047197552+.3996939048*I
-.3687163256+.5938216448e-1*I,.4990836146+.7218006221e-1*I,-1.047197551+.2170822245*I
-.3178156355,.5994780152,-.7870940195
-.2934375478,.6676337282,-.6174517549
-.2832268676,.7185687102,-.4957748359
-.2794974860,.7616255602,-.3945658202
-.2798340895,.7997401312,-.3053132566
-.2830956391,.8342993822,-.2240343308
-.2497378733+.2794523036*I,.4403725370+.3396791752*I,-1.047197551+.9021714015*I
-.2686386119+.2573332816*I,.4559220765+.3127931157*I,-1.047197552+.8442194296*I
-.2875393499+.2341598218*I,.4714716161+.2846253691*I,-1.047197552+.7809236046*I
-.3064400911+.2095824445*I,.4870211587+.2547511364*I,-1.047197551+.7108112327*I
-.3253408296+.1830364939*I,.5025706982+.2224840676*I,-1.047197552+.6315604577*I
-.3442415705+.1535040397*I,.5181202403+.1865868518*I,-1.047197552+.5390864780*I
-.3631423086+.1187779441*I,.5336697803+.1443766739*I,-1.047197551+.4247456245*I
-.3820430473+.7166928249e-1*I,.5492193205+.8711526968e-1*I,-1.047197551+.2610863052*I
-.3430503352,.6351393665,-.8322398210
-.3132789914,.7098506785,-.6437009956
-.3013509492,.7628731435,-.5163969761
-.2966658615,.8070916685,-.4122628226
-.2963567368,.8459911355,-.3211716930
-.1795630580,.2723506017,-.2887359622
-.1833153890,.3063133009,-.2087302125
-.1892506740,.3376225761,-.1341181728
-.1969928160,.3667355882,-.6358655026e-1
-.2062848960,.3939646202,.3773696722e-2
-.2169435890,.4195325142,.6862733193e-1
-.2288341300,.4436030742,.1314824246
-.2418555730,.4662990012,.1927421345
-.2559316360,.4877130212,.2527372382
-.2710047810,.5079150682,.3117476549
-.2870323220,.5269570332,.3700173998
-.3039838040,.5448759292,.4277654928
-.3218393050,.5616959742,.4851943414
-.1750651091,.2863063064,-.3528121564
-.1768340308,.3226798706,-.2675416246
-.1811932937,.3559048305,-.1890811866
-.1876234984,.3866125235,-.1156243616
-.1957854163,.4152152915,-.4598368411e-1
-.2054443261,.4419984365,.2067560537e-1
-.2164312576,.4671673495,.8497144222e-1
-.2286212770,.4908738885,.1473809265
-.2419204970,.5132321725,.2082860351
-.2562579280,.5343284955,.2680027243
-.2715801630,.5542277695,.3268004390
-.2878478710,.5729778055,.3849158476
-.3050334420,.5906121635,.4425629726
-.1737315628,.2975589840,-.4248290636
-.1729486470,.3370343521,-.3323731178
-.1753763805,.3726071191,-.2488856292
-.1802520207,.4052044150,-.1717131699
-.1871078582,.4353947440,-.9922781135e-1
-.1956336900,.4635551660,-.3034070544e-1
-.2056126126,.4899493310,.3572362638e-1
-.2168873522,.5147684080,.9954523711e-1
-.2293410823,.5381544010,.1615759495
-.2428858055,.5602142730,.2221803307
-.2574549866,.5810288990,.2816621133
-.2729987356,.6006589190,.3402821057
-.2894806020,.6191486420,.3982709439
-.1765472704,.3049651574,-.5080058154
-.1722570693,.3487036955,-.4050848748
-.1722128111,.3872812099,-.3147509735
-.1751882960,.4221881778,-.2327206278
-.1804986820,.4542570318,-.1566124945
-.1877160714,.4840078878,-.8493569081e-1
-.1965531119,.5117900308,-.1667868927e-1
-.2068071537,.5378497848,.4888680264e-1
-.2183303990,.5623667958,.1123103661
-.2310126657,.5854749998,.1740233364
-.2447708201,.6072754428,.2343760831
-.2595420461,.6278444788,.2936623507
-.2752794093,.6472391578,.3521358997
-.1853950601,.3062977486,-.6087216044
-.1757263123,.3565740005,-.4888054356
-.1723089456,.3992515897,-.3885430029
-.1728598285,.4371057022,-.2998948212
-.1762834043,.4714680062,-.2190384905
-.1819530546,.5031001682,-.1437954696
-.1894714083,.5324851972,-.7277965638e-1
-.1985689479,.5599506982,-.5039655343e-2
-.2090542983,.5857292912,.6011569020e-1
-.2207872414,.6099914142,.1232117714
-.2336629477,.6328644882,.1846635306
-.2476022448,.6544447482,.2448099569
-.2625453616,.6748048482,.3039367652
-.2051629457,.2956861937,-.7441133676
-.1851695880,.3585121905,-.5896279986
-.1766390648,.4074049118,-.4733844268
-.1738934874,.4492659312,-.3751451537
-.1749115059,.4865522312,-.2878042456
-.1786909915,.5204819202,-.2078683420
-.1846482966,.5517644312,-.1333082645
-.1924090359,.5808548372,-.6281659695e-1
-.2017173161,.6080641802,.4512278576e-2
-.2123904660,.6336145002,.6934097121e-1
-.2242941683,.6576690622,.1321761386
-.2373277970,.6803501782,.1934199770
-.2514153052,.7017502862,.2534025935
-.2725848856+.2796454602e-1*I,.2285618928+.3399139604e-1*I,-1.047197551+.1028528256*I
-.2051057230,.3491077194,-.7233005531
-.1870112692,.4096255650,-.5753074222
-.1792945559,.4575290862,-.4616670311
-.1770430553,.4987895452,-.3649021641
-.1784096598,.5356521322,-.2785272494
-.1824571203,.5692560952,-.1992770636
-.1886323407,.6002737272,-.1252284309
-.1965775306,.6291399292,-.5513062008e-1
-.2060467392,.6561536612,.1188867254e-1
-.2168637003,.6815291752,.7647112037e-1
-.2288984711,.7054244202,.1391095714
-.2420535572,.7279579022,.2001967935
-.2599304362+.9389109789e-1*I,.2602792614+.1141262759*I,-1.047197551+.3393852137*I
-.2788311769+.1122190301e-1*I,.2758288029+.1364041988e-1*I,-1.047197552+.4133488596e-1*I
-.2078425464,.4006404463,-.7096290294
-.1909244510,.4597284090,-.5656323891
-.1837393562,.5069857380,-.4536816018
-.1818168376,.5478463130,-.3578918002
-.1834179031,.5844239120,-.2721618814
-.1876467476,.6178073970,-.1933721954
-.1939701126,.6486449560,-.1196682825
-.2020411029,.6773582470,-.4983656518e-1
-.2116203438,.7042382320,.1697326246e-1
-.2225358345,.7294939820,.8138897807e-1
-.2346605557,.7532798910,.1438942299
-.2482756009+.1326988155*I,.2924016473+.1612977370*I,-1.047197551+.4712828519*I
-.2671763395+.9195280280e-1*I,.3079511872+.1117702441*I,-1.047197552+.3326286668*I
-.2714222644,.3413139101,-.9931761995
-.2133193817,.4504627038,-.7027126571
-.1969762397,.5088518030,-.5606616634
-.1900587988,.5557837900,-.4495581389
-.1883037788,.5964407690,-.3542626684
-.1900249408,.6328723900,-.2688616257
-.1943470483,.6661425120,-.1903075493
-.2007467878,.6968872360,-.1167803982
-.2088827598,.7255215400,-.4708532207e-1
-.2185189255,.7523323320,.1961684814e-1
-.2294854536,.7775260460,.8394683680e-1
-.2377028338+.1650583054*I,.3249624563+.2006312644*I,-1.047197552+.5758015691*I
-.2566035736+.1326917691*I,.3405119972+.1612891719*I,-1.047197552+.4712595278*I
-.2755043125+.9194315620e-1*I,.3560615374+.1117585184*I,-1.047197552+.3325950036*I
-.2796931032,.3894937090,-.9929653805
-.2216387267,.4985835435,-.7026788788
-.2052983626,.5569692615,-.5606372860
-.1983822243,.6038996705,-.4495378653
-.1966280238,.6445556525,-.3542448116
-.1983497742,.6809865545,-.2688453873
-.2026723397,.7142561215,-.1902924610
-.2090724542,.7450003895,-.1167661766
-.2172087462,.7736343045,-.4707177159e-1
-.2268451915,.8004447565,.1962987067e-1
-.2283110456+.1944678556*I,.3580017665+.2363790884*I,-1.047197551+.6661389115*I
-.2472117851+.1663608242*I,.3735513065+.2022144986*I,-1.047197552+.5798975570*I
-.2661125254+.1342299398*I,.3891008483+.1631588454*I,-1.047197552+.4763452482*I
-.2850132639+.9403726319e-1*I,.4046503885+.1143039423*I,-1.047197551+.3398941183*I
-.3039140023+.1232532109e-1*I,.4201999282+.1498164390e-1*I,-1.047197552+.4539656364e-1*I
-.2330617242,.5448458378,-.7101614048
-.2160988224,.6039882628,-.5660129226
-.2088930862,.6512706808,-.4539967030
-.2069577021,.6921468958,-.3581688679
-.2085495630,.7287356808,-.2724137041
-.2127712696,.7621278438,-.1936059510
-.2190887950,.7929724998,-.1198884979
-.2271548198,.8216918258,-.5004631744e-1
-.2202204305+.2223613382*I,.3915682762+.2702841055*I,-1.047197551+.7476539119*I
-.2391211694+.1969129115*I,.4071178164+.2393510966*I,-1.047197552+.6734462774*I
-.2580219091+.1690810473*I,.4226673572+.2055209776*I,-1.047197552+.5884235246*I
-.2769226484+.1374251903*I,.4382168981+.1670427285*I,-1.047197551+.4868732171*I
-.2958233876+.9831857362e-1*I,.4537664385+.1195079501*I,-1.047197552+.3547624069*I
-.3147241265+.3051192405e-1*I,.4693159788+.3708777867e-1*I,-1.047197552+.1121845147*I
-.2480619605,.5888687302,-.7264741702
-.2296865939,.6497280322,-.5775237033
-.2218460717,.6977820442,-.4634885580
-.2195186620,.7391347722,-.3664979395
-.2208314335,.7760627952,-.2799743863
-.2248373776,.8097172202,-.2006183845
-.2309787625,.8407759792,-.1264906826
-.2135793348+.2495283144*I,.4257220906+.3033060411*I,-1.047197552+.8232006806*I
-.2324800741+.2259213042*I,.4412716312+.2746113064*I,-1.047197552+.7577675093*I
-.2513808121+.2007487708*I,.4568211708+.2440136507*I,-1.047197552+.6848473307*I
-.2702815503+.1733299694*I,.4723707109+.2106856170*I,-1.047197552+.6016642817*I
-.2891822910+.1423729714*I,.4879202523+.1730568430*I,-1.047197552+.5030770850*I
-.3080830288+.1047875252*I,.5034697918+.1273710742*I,-1.047197552+.3770852409*I
-.3269837690+.4663006642e-1*I,.5190193334+.5667966338e-1*I,-1.047197551+.1709724504*I
-.2674745439,.6298775625,-.7541215649
-.2465184678,.6938737595,-.5963269830
-.2375957278,.7432432265,-.4788219220
-.2346161336,.7853886955,-.3798802477
-.2354705316,.8228738805,-.2920830815
-.2391249370,.8569556075,-.2118249482
-.1363949045,.2800121983,-.2066834426
-.1423824335,.3112579734,-.1321946056
-.1501687135,.3403173326,-.6175773811e-1
-.1594992485,.3674996262,.5528102157e-2
-.1701922645,.3930257972,.7032257332e-1
-.1821140575,.4170583692,.1331304036
-.1951644375,.4397191232,.1943524718
-.2092676855,.4611001002,.2543179581
-.2243667025,.4812707002,.3133056525
-.2404191545,.5002823832,.3715587818
-.2573948895,.5181718002,.4292958242
-.2752742465,.5349628482,.4867188417
-.2940470225,.5506679302,.5440202875
-.1291495395,.2965716199,-.2640072655
-.1336078772,.3296761506,-.1857959017
-.1401194238,.3602849735,-.1125263301
-.1483506806,.3888034550,-.4303060931e-1
-.1580704241,.4155126590,.2351438605e-1
-.1691119623,.4406151960,.8771916712e-1
-.1813519350,.4642610130,.1500559115
-.1946975960,.4865628490,.2109032162
-.2090788120,.5076059490,.2705746561
-.2244428530,.5274544090,.3293380041
-.2407509350,.5461553690,.3874287516
-.2579759210,.5637418160,.4450601278
-.2761008230,.5802344010,.5024309308
-.1243837791,.3112284499,-.3270545085
-.1269787479,.3465979405,-.2440144055
-.1319866027,.3790345258,-.1671676113
-.1389520865,.4090915788,-.9492909928e-1
-.1475720964,.4371375248,-.2623408878e-1
-.1576341349,.4634306608,.3967828962e-1
-.1689838465,.4881586078,.1033786891
-.1815064420,.5114608938,.1653126195
-.1951154134,.5334426708,.2258402862
-.2097453603,.5541834348,.2852623538
-.2253472907,.5737427348,.3438374656
-.2418854970,.5921639758,.4017947456
-.2593354780,.6094769388,.4593431673
-.1226442453,.3233672862,-.3975212623
-.1228747012,.3616108840,-.3079682241
-.1260562756,.3962673438,-.2264799073
-.1315314950,.4281358398,-.1507703477
-.1388867251,.4577191488,-.7939765484e-1
-.1478429116,.4853564668,-.1137831254e-1
-.1582026339,.5112877638,.5399873132e-1
-.1698216005,.5356884278,.1172718500
-.1825920989,.5586893828,.1788647870
-.1964328212,.5803894618,.2391226590
-.2112823512,.6008633188,.2983354995
-.2270948749,.6201666388,.3567544491
-.2438373218,.6383396218,.4146034322
-.1247989091,.3319892132,-.4782059201
-.1218459804,.3741022661,-.3793444208
-.1227189741,.4115648485,-.2915991961
-.1263875720,.4456293225,-.2113776964
-.1322550384,.4770210375,-.1366052670
-.1399399427,.5062036205,-.6595040925e-1
-.1491821991,.5334932165,.1506577820e-2
-.1597964472,.5591151315,.6643710240e-1
-.1716465441,.5832348515,.1293536141
-.1846305587,.6059762755,.1906622567
-.1986714719,.6274330195,.2506958842
-.2137111797,.6476757115,.3097358815
-.2297065317,.6667568005,.3680273004
-.1324245098,.3352421436,-.5743853064
-.1247590832,.3830833242,-.4609083023
-.1225391060,.4243054648,-.3642371049
-.1239280949,.4611408468,-.2779239271
-.1279928330,.4947238058,-.1987177395
-.1341821426,.5257243118,-.1247019959
-.1421392821,.5545759888,-.5462954982e-1
-.1516189330,.5815770268,.1236978548e-1
-.1624452387,.6069411848,.7693635485e-1
-.1744885343,.6308260678,.1395621188
-.1876515274,.6533499388,.2006392441
-.2018606643,.6746022038,.2604908181
-.2170605361,.6946502138,.3193913291
-.1491907486,.3287399267,-.6987873753
-.1331681048,.3867394518,-.5578186744
-.1264021169,.4334873468,-.4471935244
-.1247424324,.4740284458,-.3521787652
-.1265321668,.5103767128,-.2669650471
-.1309076324,.5435819768,-.1885454092
-.1373511298,.5742735138,-.1151192341
-.1455243717,.6028625148,-.4550227555e-1
-.1551932123,.6296335898,.2113831866e-1
-.1661890548,.6547916708,.8541926135e-1
-.1783872228,.6784883048,.1478168501
-.1916940167,.7008373828,.2087125013
-.2060385861,.7219250278,.2684217845
-.1931226737,.2906592155,-.9162202653
-.1506044727,.3808645552,-.6822516322
-.1358876079,.4372768825,-.5456745904
-.1297555765,.4832541945,-.4370434541
-.1284993069,.5233049335,-.3432112375
-.1305809468,.5592983835,-.2587910910
-.1351844266,.5922264935,-.1809429454
-.1418154129,.6226901335,-.1079469777
-.1501486651,.6510846395,-.3866330575e-1
-.1599580115,.6776849285,.2771435247e-1
-.1710800712,.7026895905,.9178578491e-1
-.1833937749,.7262457875,.1540160155
-.1968080359,.7484642385,.2147787142
-.2162401426+.8231332144e-1*I,.2794217604+.1000532856*I,-1.047197551+.2988134638*I
-.1926794153,.3465839562,-.8901046304
-.1545536350,.4314502322,-.6718890804
-.1406201557,.4869103388,-.5379322401
-.1348816517,.5324093108,-.4305318322
-.1338793428,.5721513548,-.3374395505
-.1361461871,.6079196898,-.2535196140
-.1408950627,.6406710668,-.1760333282
-.1476460273,.6709888708,-.1033105469
-.1560819463,.6992585848,-.3423891340e-1
-.1659816317,.7257490638,.3197127539e-1
-.1771849817,.7506549158,.9590920019e-1
-.1895732030,.7741205368,.1580328013
-.2049361032+.1248328118*I,.3116862785+.1517364716*I,-1.047197551+.4450986618*I
-.2238368433+.8083576573e-1*I,.3272358195+.9825729064e-1*I,-1.047197552+.2935998678*I
-.1976730562,.3975620790,-.8803865580
-.1610775511,.4805682788,-.6676371687
-.1474580752,.5356467098,-.5347273385
-.1418801200,.5809505328,-.4278274302
-.1409822005,.6205656888,-.3350382625
-.1433254942,.6562410968,-.2513240559
-.1481345518,.6889193228,-.1739869565
-.1549352738,.7191766458,-.1013769782
-.1634138320,.7473945298,-.3239299047e-1
-.1733510802,.7738393508,.3374793171e-1
-.1845882625,.7987040788,.9763062546e-1
-.1947450696+.1589095827*I,.3444017552+.1931573843*I,-1.047197551+.5563481585*I
-.2136458103+.1253519482*I,.3599512968+.1523674910*I,-1.047197552+.4468357728*I
-.2325465486+.8159377468e-1*I,.3755008366+.9917866381e-1*I,-1.047197552+.2962755007*I
-.2076928938,.4442346103,-.8852796340
-.1703337209,.5281690608,-.6698039381
-.1565547589,.5834413508,-.5363625509
-.1508950578,.6288445398,-.4292079184
-.1499439305,.6685243708,-.3362643302
-.1522482341,.7042471698,-.2524452592
-.1570265860,.7369627188,-.1750320848
-.1638019142,.7672509108,-.1023645694
-.1722587064,.7954952508,-.3333587565e-1
-.1821767772,.8219633818,.3284038250e-1
-.1857724261+.1894297135*I,.3776108916+.2302551385*I,-1.047197551+.6509832842*I
-.2046731654+.1607241805*I,.3931604321+.1953630595*I,-1.047197552+.5621093674*I
-.2235739048+.1275322873*I,.4087099728+.1550177313*I,-1.047197552+.4541176915*I
-.2424746429+.8473655221e-1*I,.4242595126+.1029987650*I,-1.047197551+.3073467994*I
-.2236879533,.4856187870,-.9078895574
-.1826165565,.5740655102,-.6791195779
-.1681392223,.6301866832,-.5433448948
-.1621264591,.6760190232,-.4350873446
-.1609468716,.7159765522,-.3414789224
-.1630843156,.7519021732,-.2572097632
-.1677315459,.7847771032,-.1794707148
-.1743985992,.8151969022,-.1065570463
-.1827626921,.8435539212,-.3733722112e-1
-.1781468592+.2181709659*I,.4113658255+.2651906344*I,-1.047197551+.7356657697*I
-.1970476000+.1923819583*I,.4269153668+.2338436432*I,-1.047197552+.6598802490*I
-.2159483378+.1640324460*I,.4424649065+.1993843142*I,-1.047197552+.5725694325*I
-.2348490776+.1314764017*I,.4580144479+.1598118717*I,-1.047197551+.4672330516*I
-.2537498172+.9027193212e-1*I,.4735639885+.1097271163*I,-1.047197552+.3267575623*I
-.2501911670,.5164133112,-.9643520860
-.1984154084,.6178713712,-.6969232276
-.1825435258,.6756876452,-.5564630459
-.1758493430,.7223482632,-.4460644284
-.1742349984,.7628342472,-.3511830107
-.1760573994,.7991428082,-.2660584099
-.1804583114,.8323171412,-.1877027911
-.1869226928,.8629832932,-.1143247330
-.959381180e-1,.2848528521,-.1310592141
-.1037503980,.3138806093,-.6067803977e-1
-.1131035980,.3410353527,.6564041634e-2
-.1238168540,.3665369225,.7132371785e-1
-.1357570820,.3905470855,.1341037519
-.1488245370,.4131870855,.1953036840
-.1629438290,.4345485575,.2552517582
-.1780581220,.4547005905,.3142261073
-.1941252870,.4736943915,.3724694893
-.2111153470,.4915663955,.4302000678
-.2290087980,.5083403125,.4876197046
-.2477955790,.5240283695,.5449207484
-.2674745630,.5386319415,.6022919943
-.864811775e-1,.3033837315,-.1833720465
-.930524846e-1,.3339199121,-.1102395770
-.1013347492,.3623763958,-.4085007189e-1
-.1110992830,.3890311528,.2561111884e-1
-.1221810597,.4140847798,.8974912610e-1
-.1344578675,.4376858258,.1520325344
-.1478377915,.4599460128,.2128374631
-.1622513275,.4809498288,.2724757636
-.1776462395,.5007607628,.3312139774
-.1939841515,.5194254648,.3892867439
-.2112382685,.5369765038,.4469067150
-.2293919115,.5534341528,.5042723356
-.2484376475,.5688074468,.5615743327
-.790838714e-1,.3204932542,-.2401025237
-.841971426e-1,.3528017041,-.1635141504
-.912502428e-1,.3827522572,-.9147187014e-1
-.999456341e-1,.4107065762,-.2292973555e-1
-.1100742876,.4369187412,.4286163671e-1
-.1214841523,.4615735702,.1064654826
-.1340620534,.4848086322,.1683223360
-.1477226628,.5067276432,.2287889476
-.1624014823,.5274090002,.2881635549
-.1780502382,.5469113842,.3467030909
-.1946338148,.5652774762,.4046354860
-.2121282230,.5825364362,.4621689259
-.2305193030,.5987054762,.5194992092
-.740970909e-1,.3357997777,-.3022815102
-.774494936e-1,.3702485938,-.2212398192
-.830618637e-1,.4019503785,-.1458597662
-.905321010e-1,.4313938965,-.7473902336e-1
-.995879062e-1,.4589101265,-.6916844403e-2
-.1100361364,.4847338395,.5830374370e-1
-.1217353807,.5090369235,.1214519283
-.1345799642,.5319478275,.1829452294
-.1484900875,.5535635495,.2431244324
-.1634054950,.5739573305,.3022765175
-.1792813041,.5931837265,.3606504739
-.1960852230,.6112819885,.4184687399
-.2137957162,.6282782935,.4759359105
-.720234486e-1,.3487436285,-.3714453061
-.731682158e-1,.3858758641,-.2844565955
-.770449046e-1,.4196874028,-.2047701570
-.830811220e-1,.4508739938,-.1303958863
-.909085742e-1,.4798833098,-.6004717069e-1
-.1002750030,.5070219708,.7169400930e-2
-.1110000767,.5325091768,.7190879268e-1
-.1229510718,.5565062528,.1346726225
-.1360285008,.5791341288,.1958596495
-.1501571684,.6004842068,.2557975779
-.1652803859,.6206253908,.3147641515
-.1813561481,.6396087408,.3730018602
-.1983545813,.6574705668,.4307286827
-.736406438e-1,.3584382454,-.4500665196
-.718650591e-1,.3991202195,-.3547104390
-.735714495e-1,.4355697925,-.2692690081
-.778820735e-1,.4688538745,-.1906859592
-.842724014e-1,.4996100395,-.1171370605
-.924003615e-1,.5282540825,-.4742516563e-1
-.1020295048,.5550734095,.1929025738e-1
-.1129897342,.5802747785,.8363080000e-1
-.1251553393,.6040109935,.1460759998
-.1384318750,.6263968515,.2070095005
-.1527479252,.6475191615,.2667484268
-.1680497572,.6674432375,.3255630560
-.1842977660,.6862172175,.3836906317
-.803035578e-1,.3633043431,-.5426226449
-.743276193e-1,.4090919214,-.4344803397
-.731717586e-1,.4490206102,-.3409410983
-.753264901e-1,.4849252182,-.2567186662
-.799872835e-1,.5177836612,-.1790134037
-.866655244e-1,.5481898622,-.1061252319
-.950391881e-1,.5765352482,-.3692519131e-1
-.1048840758,.6030923352,.2938643088e-1
-.1160381039,.6280581382,.9340522523e-1
-.1283811028,.6515787282,.1555934143
-.1418226384,.6737640262,.2163227338
-.1562943259,.6946971562,.2759019560
-.1717448147,.7144405372,.3345954553
-.949174657e-1,.3598886838,-.6590796241
-.819172948e-1,.4142143415,-.5282291410
-.766607448e-1,.4591274902,-.4223283245
-.759731629e-1,.4984869772,-.3301480450
-.784710655e-1,.5339744542,-.2468485323
-.834021249e-1,.5665043842,-.1698127920
-.903038894e-1,.5966388902,-.9743099602e-1
-.988691477e-1,.6247513892,-.2862445631e-1
-.1088828505,.6511032782,.3737615986e-1
-.1201889512,.6758842342,.1011469469
-.1326714804,.6992352222,.1631370807
-.1462430642,.7212624442,.2237092872
-.1608376439,.7420461962,.2831660141
-.1277891307,.3357541815,-.8360939568
-.975149119e-1,.4110767460,-.6457814040
-.854448034e-1,.4642718942,-.5180088612
-.806828876e-1,.5085838072,-.4136379354
-.803225493e-1,.5475455242,-.3223999102
-.830625027e-1,.5827387842,-.2397459030
-.881853506e-1,.6150355922,-.1631809533
-.952464187e-1,.6449764602,-.9115647259e-1
-.1039486715,.6729224402,-.2262821331e-1
-.1140833923,.6991272302,.4315217281e-1
-.1254987384,.7237753972,.1067472529
-.1380816810,.7470043302,.1685971060
-.1517469996,.7689176162,.2290581760
-.1726636767+.6926607138e-1*I,.2986103786+.8419412435e-1*I,-1.047197551+.2525159463*I
-.1309709561,.3878123312,-.8220458846
-.1024959610,.4609479052,-.6380708915
-.909478667e-1,.5135085392,-.5120177093
-.864699178e-1,.5574752842,-.4085207426
-.862993885e-1,.5962062862,-.3178263642
-.891805764e-1,.6312278732,-.2355468656
-.944157716e-1,.6633881212,-.1592560034
-.1015704216,.6932152392,-.8744001264e-1
-.1103533225,.7210631902,-.1907436010e-1
-.1205594070,.7471812352,.4657722976e-1
-.1320392635,.7717509882,.1100695203
-.1446815723,.7949077612,.1718373348
-.1617201270+.1167148410*I,.3310209564+.1418689357*I,-1.047197552+.4177721734*I
-.1806208667+.6838256367e-1*I,.3465704971+.8312020510e-1*I,-1.047197552+.2493605676*I
-.1379876542,.4369156336,-.8184894995
-.1099536709,.5095151518,-.6360641538
-.985394293e-1,.5619130848,-.5104508593
-.941350326e-1,.6057904268,-.4071797313
-.940138981e-1,.6444613888,-.3166264759
-.969319405e-1,.6794381778,-.2344444432
-.1021965056,.7115627258,-.1582250257
-.1093756521,.7413600688,-.8646343229e-1
-.1181796842,.7691823338,-.1814023863e-1
-.1284044824,.7952776318,.4747771034e-1
-.1399012672,.8198268088,.1109431502
-.1519224938+.1527374655*I,.3638958293+.1856550676*I,-1.047197551+.5366265444*I
-.1708232336+.1178352948*I,.3794453700+.1432308669*I,-1.047197552+.4215617971*I
-.1897239732+.7017945802e-1*I,.3949949110+.8530436171e-1*I,-1.047197552+.2557754481*I
-.1490322052,.4829801858,-.8258277250
-.1200819096,.5566935018,-.6401808866
-.1083921892,.6094262818,-.5136618365
-.1038367446,.6534872228,-.4099266858
-.1036142752,.6922813598,-.3190837546
-.1064567536,.7273499968,-.2367017726
-.1116611250,.7595477138,-.1603358342
-.1187900800,.7894060638,-.8846270104e-1
-.1275508244,.8172809458,-.2005246784e-1
-.1377372942,.8434228328,.4563444165e-1
-.1433832316+.1844533093*I,.3972805599+.2242062316*I,-1.047197551+.6358831989*I
-.1622839698+.1551111068*I,.4128300992+.1885402700*I,-1.047197552+.5442338884*I
-.1811847089+.1207454489*I,.4283796398+.1467682101*I,-1.047197552+.4313778361*I
-.2000854478+.7471979583e-1*I,.4439291804+.9082322202e-1*I,-1.047197551+.2719380655*I
-.1648586400,.5252717035,-.8464205284
-.1332014250,.6022753245,-.6512207511
-.1207555349,.6559272435,-.5222067974
-.1157920308,.7004841885,-.4172135112
-.1152978059,.7396086495,-.3255907250
-.1179385066,.7749225515,-.2426725861
-.1229825957,.8073150935,-.1659147418
-.1299781764,.8373355615,-.9374374224e-1
-.1386240681,.8653500495,-.2510130766e-1
-.577273645e-1,.2874267862,-.6032792878e-1
-.670879065e-1,.3145726040,.6899992490e-2
-.778077225e-1,.3400662003,.7164840572e-1
-.897539255e-1,.3640691008,.1344194436
-.1028269165,.3867023718,.1956122118
-.1169514125,.4080575198,.2555546526
-.1320706575,.4282035328,.3145246842
-.1481425935,.4471915328,.3727649163
-.1651373005,.4650578898,.4304934081
-.1830353235,.4818262488,.4879119579
-.2018266485,.4975087838,.5452128822
-.2215101925,.5121068118,.6025849702
-.2420937465,.5256108608,.6602191420
-.464094059e-1,.3075204936,-.1087388507
-.547250632e-1,.3359363864,-.3941869856e-1
-.645189416e-1,.3625554758,.2698775698e-1
-.756270939e-1,.3875770418,.9108214211e-1
-.879280575e-1,.4111487258,.1533307079
-.1013304595,.4333815908,.2141079639
-.1157652065,.4543596238,.2737246325
-.1311803865,.4741459238,.3324464622
-.1475378845,.4927868168,.3905075302
-.1648111365,.5103145968,.4481201163
-.1829836645,.5267492908,.5054824392
-.2020482245,.5420997048,.5627851244
-.2220064385,.5563638648,.6202170163
-.368667566e-1,.3265116447,-.1607195911
-.439865705e-1,.3563811059,-.8882611277e-1
-.527394354e-1,.3842655662,-.2040000644e-1
-.629189311e-1,.4104159312,.4529947698e-1
-.743747450e-1,.4350149082,.1088299930
-.869949216e-1,.4581985832,.1706283134
-.1006950287,.4800695832,.2310485869
-.1154112519,.5007054762,.2903872187
-.1310958618,.5201642782,.3488998424
-.1477141955,.5384881222,.4068134936
-.1652426530,.5557056952,.4643357644
-.1836674310,.5718337752,.5216621130
-.2029838040,.5868781052,.5789820898
-.293461569e-1,.3441414335,-.2169555236
-.350698264e-1,.3757079335,-.1418414244
-.426336028e-1,.4050377505,-.7092439824e-1
-.517705707e-1,.4324553255,-.3261805032e-2
-.622910117e-1,.4581912645,.6183206848e-1
-.740558268e-1,.4824146465,.1248790543
-.869609828e-1,.5052519235,.1862916759
-.1009278954,.5267986165,.2464072374
-.1158972509,.5471268235,.3055102645
-.1318249218,.5662901805,.3638480191
-.1486792500,.5843271695,.4216417484
-.1664392520,.6012632955,.4790952785
-.1850935083,.6171124405,.5364019841
-.241786707e-1,.3600543318,-.2784040028
-.282296624e-1,.3936540010,-.1991628138
-.344077615e-1,.4246681320,-.1251209060
-.423553931e-1,.4535313680,-.5502827600e-1
-.518267346e-1,.4805425070,.1198693954e-1
-.626456049e-1,.5059157000,.7656613989e-1
-.746821173e-1,.5298088290,.1392020000
-.878388184e-1,.5523403480,.2002871586
-.1020420346,.5735998100,.2601450392
-.1172362650,.5936546780,.3190503702
-.1333804652,.6125548400,.3772435161
-.1504455755,.6303356190,.4349410093
-.1684129012,.6470197400,.4923436867
-.218312908e-1,.3737363306,-.3464710426
-.238074106e-1,.4098580428,-.2617647511
-.283283037e-1,.4428865378,-.1837101743
-.348912873e-1,.4734328378,-.1105586296
-.431664436e-1,.5018979598,-.4115434682e-1
-.529247340e-1,.5285603068,.2531850816e-1
-.640009004e-1,.5536207538,.8946581128e-1
-.762725706e-1,.5772280438,.1517566423
-.896477148e-1,.5994940408,.2125674681
-.1040567415,.6205033368,.2722103785
-.1194473454,.6403195088,.3309520878
-.1357810935,.6589892708,.3890273510
-.1530311444,.6765452528,.4466489017
-.230107422e-1,.3843899204,-.4233720658
-.222834345e-1,.4237976952,-.3310769775
-.247520782e-1,.4593207352,-.2476991327
-.296600198e-1,.4918787652,-.1706063991
-.365426198e-1,.5220365652,-.9818141884e-1
-.450914230e-1,.5501690652,-.2934127943e-1
-.550906072e-1,.5765386022,.3668591198e-1
-.663836143e-1,.6013354742,.1004778986
-.788541183e-1,.6247010792,.1624849567
-.924144848e-1,.6467419362,.2230705829
-.1069984573,.6675385822,.2825377563
-.1225563644,.6871513932,.3411467583
-.1390519379,.7056244552,.3991278522
-.289060948e-1,.3906406700,-.5129863246
-.243825293e-1,.4346628662,-.4093491738
-.241814143e-1,.4734310432,-.3185673445
-.270398018e-1,.5084803442,-.2362274947
-.322568382e-1,.5406626662,-.1598924147
-.393963494e-1,.5705081862,-.8804276579e-1
-.481661950e-1,.5983720052,-.1965085347e-1
-.583607214e-1,.6245041002,.4602154302e-1
-.698301258e-1,.6490865592,.1095304412
-.824628113e-1,.6722550282,.1713115071
-.961746091e-1,.6941118182,.2317181255
-.1109019070,.7147342492,.2910461613
-.1265971359,.7341801442,.3495508698
-.419088270e-1,.3896638738,-.6234246709
-.313192110e-1,.4410594562,-.5005121792
-.273746452e-1,.4843778662,-.3986478826
-.275644622e-1,.5226708602,-.3089796249
-.307154679e-1,.5573644782,-.2274111301
-.361661954e-1,.5892627432,-.1516425232
-.435009176e-1,.6188709802,-.8022473368e-1
-.524393609e-1,.6465298662,-.1217012468e-1
-.627833319e-1,.6724803082,.5323489186e-1
-.743880232e-1,.6968983232,.1165303453
-.871453559e-1,.7199152822,.1781411002
-.1009737516,.7416303442,.2384130473
-.1158115871,.7621184162,.2976367711
-.690812126e-1,.3729710284,-.7795514046
-.455215801e-1,.4401318930,-.6127540337
-.356042481e-1,.4907103060,-.4920311407
-.320431361e-1,.5335626200,-.3913331500
-.324950879e-1,.5715369840,-.3024062957
-.358437616e-1,.6059903330,-.2213548792
-.414531320e-1,.6376957640,-.1459676406
-.489208512e-1,.6671423420,-.7484140094e-1
-.579744730e-1,.6946612260,-.7014914535e-2
-.684207619e-1,.7204873000,.5820909228e-1
-.801182448e-1,.7447925240,.1213600059
-.929612017e-1,.7677054050,.1828554839
-.1068698000,.7893229800,.2430364038
-.1292040827+.5368465386e-1*I,.3178463496+.6525463811e-1*I,-1.047197551+.1965313800*I
-.740757109e-1,.4233795739,-.7709396769
-.514240576e-1,.4894367750,-.6072903803
-.418428343e-1,.5396066400,-.4876578653
-.384763321e-1,.5822224040,-.3875493315
-.390623082e-1,.6200338600,-.2989998525
-.425124935e-1,.6543638190,-.2182127129
-.482035804e-1,.6859699220,-.1430208927
-.557399541e-1,.7153330500,-.7204429746e-1
-.648531321e-1,.7427795420,-.4335024826e-2
-.753523981e-1,.7685412210,.6079592011e-1
-.870979778e-1,.7927879830,.1238725129
-.999853589e-1,.8156468650,.1853087354
-.1186313174+.1082873967*I,.3504071602+.1316252295*I,-1.047197551+.3890886904*I
-.1375320571+.5366869468e-1*I,.3659567008+.6523523936e-1*I,-1.047197552+.1964736961*I
-.823927683e-1,.4715031905,-.7708978763
-.597454552e-1,.5375551155,-.6072636087
-.501658652e-1,.5877229975,-.4876363800
-.468003138e-1,.6303376045,-.3875307240
-.473869464e-1,.6681482635,-.2989830901
-.508376302e-1,.7024776175,-.2181972429
-.565291185e-1,.7340832335,-.1430063798
-.640658289e-1,.7634459495,-.7203052209e-1
-.731793001e-1,.7908920865,-.4321823707e-2
-.836788264e-1,.8166534485,.6080866419e-1
-.954246429e-1,.8408999225,.1238848929
-.1092395293+.1465394668*I,.3834464700+.1781212915*I,-1.047197551+.5166284328*I
-.1281402701+.1101058513*I,.3989960117+.1338355928*I,-1.047197552+.3953044924*I
-.1470410065+.5706452620e-1*I,.4145455499+.6936293214e-1*I,-1.047197552+.2087329532*I
-.9433864690e-1,.5171299168,-.7802184272
-.7070751970e-1,.5843776858,-.6131728114
-.6076420280e-1,.6349876798,-.4923655073
-.5718812490e-1,.6778581878,-.3916221122
-.5762979830e-1,.7158450448,-.3026662674
-.6097069870e-1,.7503078428,-.2215945787
-.6657381950e-1,.7820208718,-.1461923635
-.7403629110e-1,.8114738278,-.7505466207e-1
-.8308536390e-1,.8389982398,-.7219204708e-2
-.9352760830e-1,.8648292288,.5801192385e-1
-.21443393e-1,.2881116072,.6552132141e-2
-.32156417e-1,.3136134595,.7131220792e-1
-.44096433e-1,.3376238804,.1340925607
-.57163692e-1,.3602641192,.1952927482
-.71282800e-1,.3816258152,.2552410223
-.86396917e-1,.4017780622,.3142155240
-.102463912,.4207720682,.3724590182
-.119453808,.4386442722,.4301896710
-.137347097,.4554183862,.4876093455
-.156133718,.4711066392,.5449103946
-.175812539,.4857104072,.6022816106
-.196391307,.4992202752,.6599138863
-.217887032,.5116155642,.7180060472
-.85105754e-2,.3094849549,-.3871598853e-1
-.183188433e-1,.3360865539,.2766367545e-1
-.294399328e-1,.3610923930,.9173670394e-1
-.417527480e-1,.3846496720,.1539682144
-.551661820e-1,.4068691270,.2147319252
-.696113400e-1,.4278345040,.2743380108
-.850364700e-1,.4476087100,.3330518296
-.1014035880,.4662379120,.3911071861
-.1186862370,.4837542680,.4487161759
-.1368680410,.5001776870,.5060769093
-.1559418490,.5155168600,.5633799643
-.1759093740,.5297697030,.6208141945
-.1967812830,.5429232520,.6785723903
.28528207e-2,.3299814369,-.8696553708e-1
-.59403504e-2,.3578169032,-.1862052873e-1
-.161555287e-1,.3839238952,.4701470572e-1
-.276436114e-1,.4084836502,.1104939442
-.402934931e-1,.4316312172,.1722513395
-.540213656e-1,.4534684682,.2326392277
-.687638931e-1,.4740723872,.2919527358
-.844737275e-1,.4935005292,.3504465992
-.1011165213,.5117946412,.4083472244
-.1186689505,.5289830762,.4658617952
-.1371174575,.5450823132,.5231855351
-.1564575565,.5600978042,.5805079145
-.1766936045,.5740242532,.6380183657
.124622013e-1,.3494143561,-.1386810044
.48252122e-2,.3786551840,-.6792265400e-1
-.43753690e-2,.4059954360,-.3844775093e-3
-.149524688e-1,.4316625070,.6461056554e-1
-.267687796e-1,.4558232940,.1275786107
-.397215421e-1,.4786027040,.1889283162
-.537331197e-1,.5000951060,.2489942887
-.687449309e-1,.5203717070,.3080591524
-.847134385e-1,.5394854260,.3663688248
-.1016074802,.5574741430,.4241436359
-.1194065073,.5743628340,.4815868212
-.1380994976,.5901648960,.5388914410
-.1576843932,.6048828330,.5962463969
.200807236e-1,.3675387711,-.1945096565
.137857941e-1,.3984108938,-.1207397662
.57389764e-2,.4271535658,-.5085708146e-1
-.38191051e-2,.4540592708,.1599288655e-1
-.147156362e-1,.4793380678,.8044056253e-1
-.268230386e-1,.5031450278,.1429713464
-.400455203e-1,.5255965898,.2039729057
-.543106542e-1,.5467807898,.2637651821
-.695639122e-1,.5667639068,.3226204414
-.857650441e-1,.5855948678,.3807773250
-.1028856601,.6033081798,.4384511904
-.1209076611,.6199258418,.4958421436
-.1398222883,.6354585008,.5531416716
.253937362e-1,.3840212333,-.2553471355
.206951214e-1,.4168337058,-.1777359852
.139856690e-1,.4472019678,-.1049188717
.55852956e-2,.4755148888,-.3577398473e-1
-.42830945e-2,.5020434068,.3049407479e-1
-.154582724e-1,.5269835018,.9447813930e-1
-.278206592e-1,.5504805248,.1566385913
-.412802513e-1,.5726438758,.2173458953
-.557689901e-1,.5935562798,.2769079317
-.712357817e-1,.6132798438,.3355884424
-.876431843e-1,.6318600788,.3936201038
-.1049652047,.6493285798,.4512142539
-.1231858812,.6657047478,.5085685485
.279633327e-1,.3983855795,-.3224920737
.252262379e-1,.4335823125,-.2398304727
.201056609e-1,.4658818815,-.1632599710
.130464818e-1,.4958250465,-.9123126994e-1
.43458561e-2,.5237730035,-.2269971988e-1
-.57874257e-2,.5499795415,.4308326865e-1
-.172014726e-1,.5746292895,.1066804290
-.297832192e-1,.5978596755,.1685319414
-.434474213e-1,.6197743185,.2289943252
-.581296423e-1,.6404515425,.2883656488
-.737816577e-1,.6599499635,.3469027256
-.903683939e-1,.6783122145,.4048334054
-.1078658967,.6955674135,.4623658192
.271393773e-1,.4099060298,-.3979536306
.269245064e-1,.4481685708,-.3083564191
.237546583e-1,.4828392848,-.2268373545
.182888355e-1,.5147192018,-.1511051467
.109414748e-1,.5443120768,-.7971515462e-1
.19920972e-2,.5719576728,-.1168228273e-1
-.83615794e-2,.5978963168,.5370549038e-1
-.199750670e-1,.6223036408,.1169871790
-.327405117e-1,.6453107388,.1785869511
-.465765025e-1,.6670165698,.2388502233
-.614215433e-1,.6874958828,.2980672374
-.772297553e-1,.7068044438,.3564892844
-.939680163e-1,.7249825148,.4143403907
.218597254e-1,.4173659617,-.4851518170
.251156457e-1,.4598473118,-.3853774746
.244532191e-1,.4975658398,-.2970427473
.209449928e-1,.5318252488,-.2164063183
.152071096e-1,.5633744718,-.1413260899
.76313740e-2,.5926897518,-.7043503035e-1
-.15159806e-2,.6200947038,-.2792787877e-2
-.120456686e-1,.6458194048,.6228492323e-1
-.238188846e-1,.6700325728,.1253189953
-.367318052e-1,.6928604128,.1867213258
-.507060011e-1,.7143982528,.2468287735
-.656822775e-1,.7347180468,.3059255522
-.816166045e-1,.7538733128,.3642587042
.100955460e-1,.4183857108,-.5908879331
.186992638e-1,.4673674015,-.4744092765
.214887146e-1,.5092817465,-.3760385202
.205014444e-1,.5466054235,-.2886120016
.167454984e-1,.5805637275,-.2086155556
.108072822e-1,.6118694395,-.1340104360
.30626651e-2,.6409794435,-.6348413306e-1
-.62315713e-2,.6682058565,.3871939920e-2
-.168921867e-1,.6937714105,.6872225131e-1
-.287844787e-1,.7178398425,.1315746907
-.418075437e-1,.7405337995,.1928322882
-.558851278e-1,.7619459685,.2528257287
-.709597230e-1,.7821462545,.3118348688
-.134415914e-1,.4066381365,-.7335934709
.55750721e-2,.4682769448,-.5824534002
.136937626e-1,.5166690758,-.4675296443
.161907487e-1,.5582279288,-.3700336820
.149978732e-1,.5953016878,-.2831783688
.110842207e-1,.6290682958,-.2035865772
.50179543e-2,.6602183628,-.1292828783
-.28349244e-2,.6891967708,-.5898850274e-1
-.122235334e-1,.7163084728,.8185366148e-2
-.229684246e-1,.7417715898,.7289079165e-1
-.349374787e-1,.7657467148,.1356274867
-.480316399e-1,.7883542518,.1967929089
-.621760369e-1,.8096852098,.2567138515
-.858645853e-1+.3206037468e-1*I,.3371309810+.3896994761e-1*I,-1.047197551+.1178521815*I
-.197380649e-1,.4560326455,-.7285530639
-.11770385e-2,.5171176198,-.5789692728
.67446536e-2,.5652702948,-.4646750718
.91216852e-2,.6066833388,-.3675367261
.78440495e-2,.6436540728,-.2809160445
.38651766e-2,.6773414028,-.2014909633
-.22541601e-2,.7084269618,-.1273116664
-.101519804e-1,.7373507418,-.5711312634e-1
-.195798143e-1,.7644147658,.9985396431e-2
-.303597686e-1,.7898352618,.7463088353e-1
-.423607862e-1,.8137715358,.1373196974
-.554845745e-1,.8363430608,.1984470023
-.756735528e-1+.9947123416e-1*I,.3698464587+.1209090293*I,-1.047197551+.3587526979*I
-.945742925e-1+.3386280262e-1*I,.3853959994+.4116083033e-1*I,-1.047197552+.1244447056*I
-.291093331e-1,.5034935258,-.7311186811
-.103173622e-1,.5648592158,-.5807464273
-.22954281e-2,.6131337388,-.4661320218
.1427258e-3,.6546210778,-.3688115444
-.10916892e-2,.6916443448,-.2820712845
-.50372899e-2,.7253721178,-.2025612046
-.111295441e-1,.7564905968,-.1283184616
-.190044256e-1,.7854422608,-.5807103494e-1
-.284122344e-1,.8125306248,.9065923676e-2
-.391742861e-1,.8379728828,.7374198907e-1
-.511589809e-1,.8619289958,.1364552296
.13144436e-1,.2871780810,.7032879014e-1
.1222528e-2,.3112105139,.1331364481
-.11827958e-1,.3338711392,.1943583779
-.25931305e-1,.3552519945,.2543237561
-.41030417e-1,.3754224795,.3133113678
-.57082961e-1,.3944340515,.3715644361
-.74058785e-1,.4123233605,.4293014386
-.91938230e-1,.4291143025,.4867244359
-.110711092,.4448192785,.5440258786
-.130376106,.4594398295,.6013945736
-.150940878,.4729667095,.6590213371
-.172422272,.4853794195,.7171048254
-.194847286,.4966451415,.7758580336
.275102860e-1,.3096247474,.2765592310e-1
.163893441e-1,.3346307682,.9172919933e-1
.4076665e-2,.3581882102,.1539609021
-.9336642e-2,.3804078202,.2147247698
-.23781681e-1,.4013733432,.2743309769
-.39206697e-1,.4211476872,.3330448878
-.55573704e-1,.4397770232,.3911003086
-.72856246e-1,.4572935112,.4487093403
-.91037944e-1,.4737170582,.5060700914
-.110111645,.4890563602,.5633731420
-.130079064,.5033093332,.6208073457
-.150950864,.5164630142,.6785654908
-.172747206,.5284928982,.7368502960
.404632217e-1,.3313622581,-.1756984497e-1
.302270059e-1,.3574436785,.4802760597e-1
.187198906e-1,.3819802985,.1114766846
.60524826e-2,.4051065625,.1732100121
-.76917770e-2,.4269238945,.2335788593
-.224498331e-1,.4475089385,.2928776053
-.381745627e-1,.4669189745,.3513604569
-.548318040e-1,.4851955265,.4092534551
-.723983940e-1,.5023667485,.4667635390
-.908609230e-1,.5184489415,.5240858000
-.1102150430,.5334473885,.5814096630
-.1304652530,.5473566235,.6389246029
-.1516251220,.5601601525,.6968258563
.518588632e-1,.3522496621,-.6570644753e-1
.426114592e-1,.3795329998,.1740525629e-2
.319926198e-1,.4051493338,.6666309116e-1
.201383463e-1,.4292639788,.1295732492
.71504676e-2,.4520007038,.1908768262
-.68940734e-2,.4734530378,.2509064642
-.219372328e-1,.4936915358,.3099433999
-.379359058e-1,.5127685888,.3682325711
-.548592948e-1,.5307216328,.4259936361
-.726871710e-1,.5475752568,.4834294038
-.914088071e-1,.5633425008,.5407327107
-.1110224283,.5780255198,.5980924174
-.1315351252,.5916156978,.6556990727
.615178486e-1,.3721082962,-.1172169775
.533916851e-1,.4007545202,-.4750131584e-1
.437641153e-1,.4275757622,.1921708180e-1
.328052969e-1,.4527788472,.8355999155e-1
.206409821e-1,.4765166292,.1460070807
.73656458e-2,.4989039452,.2069420836
-.69492757e-2,.5200276272,.2666821887
-.222500298e-1,.5399530132,.3254977136
-.384969978e-1,.5587282592,.3836259345
-.556623289e-1,.5763872182,.4412812861
-.737284009e-1,.5929513122,.4986633037
-.926868984e-1,.6084306452,.5559632036
-.1125383946,.6228245242,.6133697471
.692115948e-1,.3907051835,-.1727161519
.623800472e-1,.4209250375,-.1001759168
.538750543e-1,.4491107895,-.3124614095e-1
.439145062e-1,.4755272895,.3485192837e-1
.326563291e-1,.5003664975,.9870044481e-1
.202178029e-1,.5237709715,.1607526439
.66872560e-2,.5458480755,.2213740649
-.78685234e-2,.5666789915,.2808691225
-.233994462e-1,.5863246015,.3394991100
-.398688974e-1,.6048294155,.3974950002
-.572515945e-1,.6222241635,.4550669902
-.755322120e-1,.6385274725,.5124120549
-.947045890e-1,.6537468325,.5697203049
.746390780e-1,.4077256868,-.2330474696
.693373697e-1,.4398050888,-.1569182765
.621272261e-1,.4695647508,-.8522542360e-1
.532964404e-1,.4973544978,-.1695588772e-1
.430479419e-1,.5234209888,.4861953449e-1
.315297121e-1,.5479440988,.1120510300
.188520668e-1,.5710579198,.1737703271
.50982340e-2,.5928636148,.2341280773
-.96688953e-2,.6134376298,.2934182215
-.254023290e-1,.6328370868,.3518946613
-.420680138e-1,.6511033748,.4097832223
-.596428815e-1,.6682645348,.4672907065
-.781136072e-1,.6843367648,.5246121237
.773862832e-1,.4227253085,-.2994202796
.739485927e-1,.4570704555,-.2186006568
.682675733e-1,.4886887965,-.1433847979
.607396633e-1,.5180622115,-.7238978734e-1
.516338306e-1,.5455176335,-.4666083419e-2
.411411019e-1,.5712872565,.6047631870e-1
.294014584e-1,.5955412345,.1235620632
.165195617e-1,.6184067845,.1850055815
.25744609e-2,.6399799895,.2451455072
-.123741698e-1,.6603333875,.3042673062
-.282819137e-1,.6795209665,.3626189006
-.451168689e-1,.6975815035,.4204219888
-.628578416e-1,.7145407605,.4778806944
.768486867e-1,.4350368372,-.3736761304
.757802280e-1,.4722618272,-.2864755092
.719620924e-1,.5061445362,-.2066388996
.659734283e-1,.5373889292,-.1321527412
.581861885e-1,.5664471242,-.6171792550e-1
.488548178e-1,.5936284002,.5566296003e-2
.381610546e-1,.6191536652,.7035948519e-1
.262385820e-1,.6431854102,.1331662881
.131875716e-1,.6658453992,.1943875389
-.9162666e-3,.6872256562,.2543523814
-.160158474e-1,.7073955722,.3133395835
-.320688424e-1,.7264065952,.3715923517
-.490451052e-1,.7442953702,.4293291549
.720631309e-1,.4435677122,-.4588753342
.741989204e-1,.4846875222,-.3624540416
.727500647e-1,.5214501332,-.2763058361
.686390771e-1,.5549768762,-.1972172737
.624120304e-1,.5859315122,-.1232895122
.544228684e-1,.6147442662,-.5328494539e-1
.449152249e-1,.6417112792,.1366097441e-1
.340638640e-1,.6670449812,.7818503023e-1
.219977041e-1,.6909020712,.1407768315
.88134985e-2,.7134001592,.2018269331
-.54156001e-2,.7346281602,.2616572935
-.206344996e-1,.7546530412,.3205416045
-.368024884e-1,.7735242882,.3787195093
.612662334e-1,.4462654775,-.5608593253
.681942483e-1,.4932103205,-.4497223638
.699559091e-1,.5338753685,-.3544073290
.682395179e-1,.5703127875,-.2689932448
.639211193e-1,.6035874205,-.1904298076
.575244203e-1,.6343358395,-.1168956338
.493910359e-1,.6629732895,-.4719512526e-1
.397571394e-1,.6897868385,.1951132499e-1
.287926465e-1,.7149830255,.8384472217e-1
.166231438e-1,.7387145025,.1462842132
.33429876e-2,.7610959605,.2072131741
-.109764753e-1,.7822141225,.2669485452
-.262815632e-1,.8021342395,.3257604688
.402661294e-1,.4381414766,-.6940880244
.559104798e-1,.4956811800,-.5543946069
.624956092e-1,.5422092400,-.4443397130
.640409229e-1,.5826113160,-.3496610962
.621687176e-1,.6188593360,-.2646722189
.577289736e-1,.6519864730,-.1864141707
.512327051e-1,.6826138650,-.1131094867
.430144794e-1,.7111481870,-.4358657306e-1
.333061742e-1,.7378712920,.2297986719e-1
.222749067e-1,.7629863130,.8720173565e-1
.100443323e-1,.7866435550,.1495521321
-.32925895e-2,.8089560130,.2104102813
-.176655629e-1,.8300091330,.2700902082
-.149887350e-1,.3900867239,-.9451085957
.328960861e-1,.4868152808,-.6917814786
.483568832e-1,.5441318708,-.5527059838
.548534368e-1,.5905522688,-.4429299677
.563425277e-1,.6308860048,-.3484163348
.544296979e-1,.6670846448,-.2635380301
.499582506e-1,.7001732448,-.1853595445
.434359302e-1,.7307689708,-.1121147240
.351954808e-1,.7592762788,-.4263816962e-1
.254676685e-1,.7859756738,.2389170539e-1
.144188833e-1,.8110694028,.8808444001e-1
.21722781e-2,.8347071588,.1504115629
-.111795515e-1,.8570014958,.2112512214
.46209143e-1,.2848277331,.1315628392
.33186286e-1,.3075219428,.1928207079
.19108897e-1,.3289343499,.2528143631
.4034488e-2,.3491348615,.3118236663
-.11994267e-1,.3681753485,.3700925958
-.28946933e-1,.3860928065,.4278401472
-.46803598e-1,.4029114375,.4852687083
-.65553829e-1,.4186439235,.5425708984
-.85196134e-1,.4332920775,.5999355445
-.105737892,.4468469305,.6575533434
-.127195723,.4592882815,.7156226750
-.149596352,.4705836435,.7743560802
-.172978082,.4806864615,.8339880343
.618685512e-1,.3081916599,.9107408583e-1
.49567734e-1,.3317635206,.1533228594
.36165467e-1,.3539965512,.2141002835
.21730849e-1,.3749747392,.2737170825
.6315792e-2,.3947611882,.3324390106
-.10041588e-1,.4134022252,.3905001489
-.27314725e-1,.4309301452,.4481127792
-.45487139e-1,.4473649792,.5054751218
-.64551584e-1,.4627155302,.5627778026
-.84509684e-1,.4769798312,.6202096658
-.105372008,.4901450312,.6779634290
-.127158612,.5021867522,.7362416732
-.149900100,.5130677952,.7952636993
.762384456e-1,.3309757635,.4835610077e-1
.647251613e-1,.3555048848,.1117954178
.520520719e-1,.3786242428,.1735209536
.383024996e-1,.4004351158,.2338836403
.235394079e-1,.4210140398,.2931776105
.78098481e-2,.4404182048,.3516569017
-.88520791e-2,.4586890608,.4095474357
-.264232625e-1,.4758546998,.4670560758
-.448903405e-1,.4919313628,.5243778656
-.642490095e-1,.5069242808,.5817022199
-.845038145e-1,.5208279308,.6392186271
-.1056683715,.5336257608,.6971223671
-.1277660715,.5452893398,.7556207214
.892020797e-1,.3530698169,.3135627891e-2
.785558856e-1,.3786529018,.6801085233e-1
.666767213e-1,.4027372888,.1308831901
.536658072e-1,.4254460168,.1921566403
.395996354e-1,.4468720578,.2521625582
.245358997e-1,.4670855438,.3111812745
.85174197e-2,.4861385208,.3694570958
-.84252444e-2,.5040681358,.4272092412
-.262720740e-1,.5208987218,.4846402420
-.450125344e-1,.5366430838,.5419427920
-.646450375e-1,.5513031528,.5993057289
-.851768638e-1,.5648700778,.6569196972
-.1066245275,.5773237868,.7149829590
.1006179017,.3743378442,-.4493255518e-1
.909373161e-1,.4010946412,.2168594396e-1
.799309332e-1,.4262399092,.8594928516e-1
.677231236e-1,.4499248242,.1483328149
.544073677e-1,.4722630102,.2092172931
.400543506e-1,.4933403862,.2689178271
.247172353e-1,.5132215742,.3277032659
.84351589e-2,.5319541452,.3858098566
-.87644364e-2,.5495714552,.4434513357
-.268642941e-1,.5660944822,.5008268132
-.458564388e-1,.5815329172,.5581273085
-.657417765e-1,.5958856612,.6155415990
-.865301372e-1,.6091407642,.6732618739
.1103108988,.3946082185,-.9629307978e-1
.1017207175,.4226904215,-.2753736120e-1
.916850168e-1,.4490155725,.3842305521e-1
.803590728e-1,.4737724085,.1021617740
.678583162e-1,.4971012405,.1641263009
.542697251e-1,.5191077905,.2246782143
.396590600e-1,.5398719915,.2841191439
.240755955e-1,.5594537375,.3427084187
.75552747e-2,.5778967175,.4006756376
-.98771982e-2,.5952309615,.4582300901
-.282070188e-1,.6114744635,.5155682147
-.474285170e-1,.6266341155,.5728799126
-.675448731e-1,.6407060525,.6303542963
.1180593708,.4136583520,-.1515327561
.1107220664,.4432634480,-.8012064982e-1
.1017813893,.4709196200,-.1207048235e-1
.914354357e-1,.4968676520,.5333101029e-1
.798289473e-1,.5212834820,.1166236493
.670699583e-1,.5442984260,.1782321594
.532400103e-1,.5660116040,.2385023354
.384007038e-1,.5864978860,.2977246865
.225979970e-1,.6058131390,.3561506956
.58650815e-2,.6239977080,.4140045191
-.117757220e-1,.6410787220,.4714918657
-.303117684e-1,.6570715530,.5288071316
-.497394432e-1,.6719805940,.5861395371
.1235736088,.4311897208,-.2114508321
.1177080206,.4625837158,-.1366739601
.1100246994,.4917682248,-.6601568616e-1
.1007838213,.5190594948,.1443980001e-2
.901708012e-1,.5446829038,.6637663540e-1
.783218223e-1,.5688039818,.1292948482
.653388416e-1,.5915466628,.1906048464
.512988992e-1,.6130045868,.2506395412
.362601152e-1,.6332484008,.3096803583
.202656515e-1,.6523305708,.3679723793
.33463591e-2,.6702885938,.4257353510
-.144774898e-1,.6871471138,.4831721422
-.331951265e-1,.7029192188,.5404756209
.1264592844,.4467845432,-.2771818875
.1223733208,.4803417022,-.1980297072
.1161666967,.5113211612,-.1240543539
.1081948668,.5401549832,-.5401306086e-1
.987023765e-1,.5671404142,.1296175746e-1
.878645798e-1,.5924906032,.7750881540e-1
.758107990e-1,.6163627422,.1401189935
.626380786e-1,.6388747902,.2011837171
.484197895e-1,.6601159302,.2610255530
.332111935e-1,.6801533362,.3199186277
.170531413e-1,.6990366602,.3781028828
-.254709e-4,.7168010282,.4357945624
-.180060932e-1,.7334689872,.4931943238
.1261489229,.4598239502,-.3504298727
.1243018570,.4961025292,-.2653725104
.1198817189,.5292534942,-.1870652189
.1134015537,.5599004602,-.1137234948
.1051970585,.5884514732,-.4417190227e-1
.955008023e-1,.6151892242,.2241715428e-1
.844803527e-1,.6403173952,.8665704080e-1
.722596762e-1,.6639866692,.1490218308
.589319576e-1,.6863103132,.2098914175
.445676622e-1,.7073739812,.2695802951
.292197787e-1,.7272420802,.3283568811
.129273030e-1,.7459620102,.3864571166
-.42824449e-2,.7635669802,.4440945387
.1217576920,.4693145802,-.4339686509
.1228935768,.5092189902,-.3404876226
.1207242832,.5451058952,-.2563045417
.1160520611,.5779504472,-.1786277315
.1093643904,.6083451872,-.1057610375
.1009826594,.6366807662,-.3657766885e-1
.911306737e-1,.6632292252,.2972078884e-1
.799702584e-1,.6881872652,.9372908842e-1
.676214056e-1,.7117007392,.1559088945
.541744189e-1,.7338794102,.2166315597
.396975834e-1,.7548062842,.2762055876
.242421736e-1,.7745436822,.3348951590
.78457787e-2,.7931372972,.3929332575
.1117219605,.4734516390,-.5329154242
.1172097458,.5186458580,-.4262961990
.1180488385,.5581895080,-.3336775782
.1156623806,.5938124490,-.2500793314
.1108193015,.6264493230,-.1728264096
.1039904260,.6566724250,-.1002801333
.954877253e-1,.6848609640,-.3134565908e-1
.855291982e-1,.7112799200,.3475612209e-1
.742728424e-1,.7361213420,.9860760005e-1
.618359872e-1,.7595278470,.1606621641
.483069990e-1,.7816068450,.2212854608
.337526929e-1,.8024395510,.2807819784
.182231799e-1,.8220868760,.3394130679
.925807542e-1,.4681408940,-.6590837674
.1055812202,.5224669070,-.5282323124
.1108379255,.5673802440,-.4223310146
.1115256102,.6067398590,-.3301504296
.1090277827,.6422274260,-.2468507199
.1040967821,.6747574300,-.1698148280
.971950676e-1,.7048919950,-.9743292647e-1
.886298511e-1,.7330045450,-.2862629927e-1
.786161858e-1,.7593564780,.3737438342e-1
.673101185e-1,.7841374760,.1011452267
.548276206e-1,.8074885020,.1631354029
.412560658e-1,.8295157580,.2237076441
.266615128e-1,.8502995440,.2831643976
.77884202e-1,.2812147489,.1906899504
.63842820e-1,.3026709238,.2507230623
.48802667e-1,.3229130744,.3097626649
.32806886e-1,.3419936430,.3680537938
.15886312e-1,.3599501090,.4258161686
-.1938797e-2,.3768070960,.4832526394
-.20657685e-1,.3925776800,.5405560639
-.40268551e-1,.4072640500,.5979153069
-.60778456e-1,.4208576210,.6555209019
-.82203684e-1,.4333386010,.7135708541
-.104570587,.4446749590,.7722770861
-.127917024,.4548206760,.8318731470
-.152294598,.4637130270,.8926240273
.94727045e-1,.3053744267,.1520665398
.81346531e-1,.3276338986,.2128707435
.66932440e-1,.3486370380,.2725084730
.51536997e-1,.3684473270,.3312462582
.35198572e-1,.3871114060,.3893187166
.17943954e-1,.4046618350,.4469384923
-.210184e-3,.4211188830,.5043040263
-.19256413e-1,.4364915780,.5616060406
-.39196174e-1,.4507781690,.6190333568
-.60039851e-1,.4639660350,.6767785577
-.81807297e-1,.4760310430,.7350439586
-.104528886,.4869362730,.7940484387
-.128247216,.4966299470,.8540358075
.1103804644,.3290570021,.1114653864
.977132579e-1,.3521835112,.1731989890
.839691867e-1,.3740010712,.2335680557
.692113088e-1,.3945863332,.2928669728
.534867509e-1,.4139965772,.3513499496
.368296758e-1,.4322733312,.4092430342
.19263248e-1,.4494447512,.4667531707
.800880e-3,.4655271402,.5240754482
-.18553078e-1,.4805257832,.5813992934
-.38803126e-1,.4944352162,.6389141819
-.59962828e-1,.5072389472,.6968153472
-.82055522e-1,.5189086112,.7553099878
-.105115567,.5294024412,.8146245385
.1247476089,.3521737990,.6867263246e-1
.1128562328,.3762433430,.1315264569
.998340155e-1,.3989383300,.1927851589
.857572267e-1,.4203514670,.2527794701
.706833890e-1,.4405526730,.3117892771
.546551836e-1,.4595938280,.3700585749
.377030534e-1,.4775119380,.4278063716
.198469144e-1,.4943312080,.4852350632
.10972068e-2,.5100643300,.5425372710
-.185445741e-1,.5247131210,.5999018259
-.390858000e-1,.5382686210,.6575194191
-.605430860e-1,.5507106340,.7155884244
-.829431530e-1,.5620066810,.7743213752
.1377132449,.3746178322,.2342286494e-1
.1266734652,.3997225052,.8763056790e-1
.1144351010,.4233702802,.1499696512
.1010909357,.4456739342,.2108188110
.867111316e-1,.4667187502,.2704917029
.713484384e-1,.4865688472,.3292561526
.550416574e-1,.5052713902,.3873476903
.378179426e-1,.5228593832,.4449795695
.196942954e-1,.5393534922,.5023506026
.6784505e-3,.5547631202,.5596516783
-.192307316e-1,.5690868802,.6170715904
-.400433235e-1,.5823125302,.6748026959
-.617788427e-1,.5944163462,.7330468752
.1491381303,.3962575310,-.2461812527e-1
.1390434854,.4225110330,.4123493612e-1
.1276643376,.4472032000,.1048880079
.1151146832,.4704725960,.1667841573
.1014804527,.4924236690,.2272818890
.868266028e-1,.5131353780,.2866806809
.712017739e-1,.5326668450,.3452383346
.546413839e-1,.5510611210,.4031833884
.371696833e-1,.5683476830,.4607244274
.188010676e-1,.5845440290,.5180574832
-.4591807e-3,.5996565800,.5753723054
-.206146257e-1,.6136810030,.6328580975
-.416778580e-1,.6266019950,.6907092112
.1588508404,.4169274658,-.7587901921e-1
.1498193617,.4444732658,-.8008823368e-2
.1393927574,.4703232648,.5724987504e-1
.1277131366,.4946502028,.1204284962
.1148866704,.5175831288,.1819460678
.1009935259,.5392194878,.2421444239
.860942396e-1,.5596328648,.3013112903
.702339218e-1,.5788780908,.3596961783
.534450546e-1,.5969946478,.4175218844
.357493395e-1,.6140089168,.4749932384
.171588560e-1,.6299355788,.5323041514
-.23233202e-2,.6447783718,.5896437111
-.227029647e-1,.6585302778,.6472018633
.1666353624,.4364140908,-.1309226781
.1588199586,.4654380508,-.6054819073e-1
.1494640356,.4925894828,.6688636393e-2
.1387483464,.5180880958,.7144413590e-1
.1268059019,.5420955648,.1342208318
.1137363935,.5647330688,.1954181057
.996151708e-1,.5860921968,.2553640924
.844990414e-1,.6062419968,.3143368386
.684301073e-1,.6252336458,.3725790521
.514383238e-1,.6431035558,.4303088563
.335431771e-1,.6598754118,.4877280891
.147547108e-1,.6755614208,.5450290879
-.49259638e-2,.6901629368,.6024006456
.1722113583,.4544327695,-.1905106608
.1658166701,.4851836335,-.1169718393
.1576849984,.5138231625,-.4726774122e-1
.1480526012,.5406385365,.1944154326e-1
.1370894542,.5658363595,.8377719552e-1
.1249211817,.5895693315,.1462184878
.1116421681,.6119521785,.2071488828
.973237825e-1,.6330716495,.2668853757
.820197223e-1,.6529930165,.3256981525
.657695626e-1,.6717643835,.3838243957
.486011170e-1,.6894195575,.4414784757
.305319752e-1,.7059799185,.4988598870
.115704200e-1,.7214555355,.5561598306
.1752007338,.4705883898,-.2557146234
.1705122443,.5034131698,-.1780782912
.1638111497,.5337915918,-.1052421594
.1554179305,.5621132068,-.3608251065e-1
.1455558357,.5886493788,.3019721161e-1
.1343863243,.6135963608,.9419057247e-1
.1220291322,.6370996988,.1563584502
.1085743783,.6592689308,.2170716475
.940902095e-1,.6801868888,.2766382825
.786277868e-1,.6999157638,.3353222690
.622246103e-1,.7185011358,.3933563984
.449067204e-1,.7359746568,.4509520885
.266901234e-1,.7523557838,.5083070420
.1750662549,.4843023718,-.3281245740
.1725047981,.5197125938,-.2449949989
.1675234738,.5521814278,-.1680829935
.1605800134,.5822652498,-.9579501538e-1
.1519789333,.6103342078,-.2706148650e-1
.1419336119,.6366476638,.3888136729e-1
.1305989871,.6613939488,.1026060788
.1180902540,.6847130848,.1645594212
.1044942209,.7067105878,.2251024695
.898765149e-1,.7274662308,.2845365028
.742863076e-1,.7470397808,.3431205972
.577594571e-1,.7654748238,.4010841788
.403205924e-1,.7828012988,.4586364211
.1709857304,.4946617345,-.4102833006
.1712213993,.5334719155,-.3194025928
.1683887510,.5685525005,-.2369945659
.1631922034,.6007597285,-.1606095561
.1560697677,.6306260035,-.8872191233e-1
.1473146431,.6585077165,-.2030035904e-1
.1371331477,.6846556505,.4539551744e-1
.1256755257,.7092524305,.1089231566
.1130536848,.7324340815,.1707191790
.993520228e-1,.7543031915,.2311376346
.846343264e-1,.7749372945,.2904748548
.689483042e-1,.7943943785,.3489864241
.523286010e-1,.8127165595,.4068993429
.1615490539,.5000535228,-.5067488992
.1657808255,.5437210358,-.4040069387
.1657856606,.5822506308,-.3137853814
.1627806793,.6171217458,-.2318328241
.1574467444,.6491619728,-.1557818078
.1502096872,.6788889238,-.8414853416e-1
.1413556630,.7066504248,-.1592552937e-1
.1310865698,.7326918808,.4961300963e-1
.1195496990,.7571923318,.1130150627
.1068548812,.7802852788,.1747108659
.930849860e-1,.8020714508,.2350500391
.783026308e-1,.8226269588,.2943257893
.625545895e-1,.8420086588,.3527915046
.108274722,.2764595265,.2480588774
.93278255e-1,.2967547796,.3071374904
.77324510e-1,.3158864424,.3654572717
.60444826e-1,.3338926118,.4232388800
.42659911e-1,.3507984548,.4806857646
.23980928e-1,.3666175448,.5379910983
.4410076e-2,.3813525518,.5953438017
-.16059306e-1,.3949953788,.6529342135
-.37443076e-1,.4075267518,.7109598721
-.59767108e-1,.4189152208,.7696319255
-.83068705e-1,.4291154408,.8291827635
-.107398795,.4380655108,.8898757184
-.132825222,.4456829628,.9520180889
.126212072,.3013181645,.2110470332
.111828453,.3223583421,.2707159985
.96462116e-1,.3422040110,.3294774703
.80151815e-1,.3609022750,.3875668741
.62924663e-1,.3784860900,.4451973955
.44797625e-1,.3949760780,.5025678068
.25778402e-1,.4103815990,.5598689760
.5865821e-2,.4247012280,.6172897005
-.14950227e-1,.4379226770,.6750223621
-.36689294e-1,.4500221800,.7332688881
-.59381415e-1,.4609632290,.7922475432
-.83068785e-1,.4706945360,.8522012369
-.107808324,.4791469130,.9134083133
.1430430246,.3257832793,.1722572928
.1293150504,.3476204065,.2326450628
.1145724264,.3682242085,.2919584792
.988624994e-1,.3876522375,.3504522739
.822196156e-1,.4059462405,.4083528516
.64667099e-1,.4231345695,.4658673943
.46218504e-1,.4392336995,.5231911247
.26878319e-1,.4542490855,.5805135139
.6642182e-2,.4681754265,.6380239921
-.14503328e-1,.4809964085,.6959176598
-.36581390e-1,.4926838575,.7544014799
-.59626181e-1,.5031962305,.8137015244
-.83684844e-1,.5124762245,.8740720494
.1586855980,.3497818242,.1315190798
.1456635101,.3724769682,.1927779509
.1315868434,.3938902532,.2527723942
.1165131211,.4140916002,.3117823046
.1004850271,.4331328912,.3700516772
.835330056e-1,.4510511322,.4277995229
.656769733e-1,.4678705322,.4852282410
.469273715e-1,.4836037832,.5425304537
.272856975e-1,.4982527042,.5998949889
.6744579e-2,.5118083352,.6575125407
-.14712597e-1,.5242504822,.7155814805
-.37112549e-1,.5355466672,.7743143380
-.60493570e-1,.5456503472,.8339455682
.1730436910,.3732273285,.8862350373e-1
.1607873006,.3968531915,.1509364469
.1474263704,.4191364665,.2117648380
.1330307537,.4401620615,.2714214831
.1176529586,.4599938035,.3301736080
.1013315873,.4786786105,.3882563201
.840936246e-1,.4962492855,.4458825917
.659559213e-1,.5127263095,.5032510626
.469260711e-1,.5281189125,.5605525430
.270027948e-1,.5424255415,.6179758406
.61758767e-2,.5556337775,.6757134148
-.155743550e-1,.5677197095,.7339673445
-.382780684e-1,.5786466685,.7929561363
.1860032561,.3960157078,.4331194776e-1
.1745848961,.4206602118,.1069022096
.1619991814,.4438857748,.1687482173
.1483312728,.4657959138,.2292062430
.1336455426,.4864688718,.2885741815
.1179901636,.5059632038,.3471087241
.1014001676,.5243214928,.4050376364
.838994715e-1,.5415728108,.4625689938
.655021692e-1,.5577342878,.5198985303
.462132573e-1,.5728119968,.5772158914
.260288862e-1,.5868012608,.6347103579
.49361680e-2,.5996864118,.6925765422
-.170874866e-1,.6114399938,.7510205426
.1974268998,.4180193152,-.4740263006e-2
.1869356358,.4437907202,.6040470922e-1
.1751973227,.4680463142,.1234925035
.1623166550,.4909133582,.1849376589
.1483727066,.5124879642,.2450788752
.1334251711,.5328426932,.3042016683
.1175184794,.5520315522,.3625539961
.1006845469,.5700933322,.4203575820
.829445796e-1,.5870538102,.4778165624
.643102032e-1,.6029271202,.5351244760
.447840568e-1,.6177164672,.5924703212
.243599270e-1,.6314142992,.6500442292
.30224319e-2,.6440019202,.7080432361
.2071461010,.4390781795,-.5594805384e-1
.1976939414,.4661126335,.1110385295e-1
.1868922311,.4915066865,.7571225552e-1
.1748713731,.5154188435,.1383714413
.1617291897,.5379680085,.1994751624
.1475396314,.5592440715,.2593476232
.1323584162,.5793147595,.3182640956
.1162267630,.5982301725,.3764653325
.991738811e-1,.6160258155,.4341681272
.812185964e-1,.6327245725,.4915734810
.623703430e-1,.6483379105,.5488733126
.426296408e-1,.6628664615,.6062563792
.219881217e-1,.6763000525,.6639139304
.2149495079,.4589866618,-.1108537268
.2066809285,.4874597768,-.4143576225e-1
.1969284150,.5141291458,.2504788812e-1
.1858574395,.5391959018,.8920379299e-1
.1735905207,.5628089678,.1515014974
.1602197974,.5850803388,.2123177820
.1458149419,.6060947048,.2719649607
.1304283218,.6259157188,.3307099060
.1140984239,.6445901618,.3887874823
.968521337e-1,.6621507148,.4464104983
.787062136e-1,.6786177508,.5037774928
.596681749e-1,.6940004008,.5610792316
.397366575e-1,.7082970128,.6185045304
.2205644944,.4774721205,-.1701867108
.2136717571,.5076175975,-.9778458254e-1
.2051142507,.5357395175,-.2896222008e-1
.1951073870,.5620997205,.3705091150e-1
.1838074555,.5868881745,.1008316817
.1713305919,.6102460505,.1628297871
.1577642931,.6322796965,.2234083134
.1431747113,.6530695245,.2828699599
.1276114338,.6726758075,.3414748046
.1111106611,.6911425495,.3994529713
.936973192e-1,.7085000475,.4570140958
.753864132e-1,.7247665405,.5143548205
.561838008e-1,.7399491485,.5716651256
.2236263184,.4941588072,-.2349654829
.2183756278,.5263002202,-.1587123258
.2112080553,.5561116322,-.8692503765e-1
.2024140083,.5839460332,-.1858179060e-1
.1921980533,.6100520822,.4705205136e-1
.1807092692,.6346109822,.1105301737
.1680587412,.6577577652,.1722866806
.1543302640,.6795942812,.2326738667
.1395871640,.7001975042,.2919868299
.1238767805,.7196249782,.3504802858
.1072334538,.7379184432,.4083806298
.896805028e-1,.7551062442,.4658950336
.712314789e-1,.7712048522,.5232187180
.2236224733,.5085019362,-.3066851596
.2204022014,.5431113592,-.2252982290
.2148959542,.5749421402,-.1496633829
.2075147310,.6044938542,-.7834777730e-1
.1985360460,.6321038252,-.1037308626e-1
.1881563472,.6580108392,.5496853133e-1
.1765192694,.6823894882,.1182133660
.1637320644,.7053701362,.1797837437
.1498756973,.7270511992,.2400237963
.1350113214,.7475070102,.2992228631
.1191845407,.7667930012,.3576315986
.1024282490,.7849491552,.4154735867
.847645082e-1,.8020022892,.4729541669
.2197812244,.5196544122,-.3877001179
.2192005689,.5574723352,-.2991356812
.2157544190,.5918071992,-.2183380534
.2100665839,.6234172582,-.1431384629
.2025329443,.6527837072,-.7215592260e-1
.1934221391,.6802330842,-.4441989855e-2
.1829249854,.7059973302,.6069265679e-1
.1711813234,.7302464232,.1237722055
.1582957139,.7531074592,.1852107839
.1443471315,.7746764332,.2453468155
.1293951936,.7950258112,.3044656131
.1134842702,.8142095242,.3628149912
.966462237e-1,.8322663042,.4206165810
.137464707,.2706574435,.3039562032
.121561952,.2898510864,.3623112755
.104731846,.3079175179,.4201167212
.86995636e-1,.3248825648,.4775767352
.68364989e-1,.3407604058,.5348848852
.48842578e-1,.3555542938,.5922301785
.28422229e-1,.3692567218,.6498027302
.7088598e-2,.3818490408,.7077995336
-.15183614e-1,.3933004968,.7664308162
-.38431043e-1,.4035665588,.8259275897
-.62703806e-1,.4125863098,.8865512134
-.88068722e-1,.4202785308,.9486061910
-.114614163,.4265358018,1.012458188
.156423472,.2961365273,.2683492889
.141095600,.3160289508,.3271423488
.124822450,.3347723728,.3852544123
.107631568,.3524002738,.4428993935
.89540303e-1,.3689337448,.5002765080
.70556717e-1,.3843825838,.5575768271
.50679989e-1,.3987457918,.6149891215
.29900375e-1,.4120115278,.6727055200
.8198716e-2,.4241565008,.7309274435
-.14454577e-1,.4351447458,.7898723579
-.38101169e-1,.4449256198,.8497820019
-.62797329e-1,.4534307248,.9109330504
-.88617715e-1,.4605693128,.9736516905
.1743459783,.3212914879,.2311261966
.1596284711,.3419258205,.2904635975
.1439426303,.3613831255,.3489753025
.1273231033,.3797055195,.4068883149
.109793476,.3969216705,.4644102066
.91367541e-1,.4130483435,.5217364254
.72050010e-1,.4280912675,.5790565162
.51836749e-1,.4420454145,.6365598414
.30714572e-1,.4548947585,.6944412823
.8660562e-2,.4666114425,.7529074179
-.14359159e-1,.4771542885,.8121837340
-.38391374e-1,.4864664305,.8725236343
-.63498708e-1,.4944717455,.9342203582
.1911616863,.3460609172,.1921489019
.1770956451,.3674871172,.2521549634
.1620320338,.3877007542,.3111737895
.1460136731,.4067538772,.3694496920
.1290711259,.4246836332,.4272018905
.1112244107,.4415143592,.4846329203
.924840641e-1,.4572588592,.5419354746
.728516750e-1,.4719190662,.5992983917
.523199646e-1,.4854861332,.6569123154
.30872420e-1,.4979399862,.7149755066
.8482431e-2,.5092482832,.7737003127
-.14888161e-1,.5193646382,.8333209108
-.39291328e-1,.5282258812,.8941031964
.2067889082,.3703733238,.1512500174
.1934225426,.3926499928,.2120716877
.1790217985,.4136693568,.2717230777
.1636391061,.4334951448,.3304712158
.1473130027,.4521741998,.3885510758
.1300704190,.4697392578,.4461755385
.1119281559,.4862107388,.5035431879
.928937617e-1,.5015978198,.5608448102
.729659124e-1,.5158988898,.6182692162
.521343456e-1,.5291014748,.6760088994
.303793390e-1,.5411816038,.7342660042
.76706682e-2,.5521025358,.7932591393
-.160340882e-1,.5618127098,.8532317202
.2211320795,.3941442308,.1082249323
.2085227140,.4173410448,.1700381871
.1948327091,.4392243248,.2304702831
.1801260547,.4598718488,.2898180890
.1644506183,.4793418018,.3483375716
.1478411793,.4976764578,.4062559930
.1303214357,.5149046228,.4637810966
.1119052838,.5310431878,.5211084277
.925975326e-1,.5460979978,.5784275633
.723941448e-1,.5600641458,.6359278390
.512820361e-1,.5729257288,.6938040439
.292384021e-1,.5846550248,.7522625893
.62294944e-2,.5952110148,.8115287115
.2340780343,.4172721592,.6282089470e-1
.2222948786,.4414732462,.1258397103
.2093727712,.4642899192,.1872298787
.1953899568,.4858172842,.2473277398
.1804054897,.5061271212,.3064171368
.1644632851,.5252728122,.3647448547
.1475948255,.5432926242,.4225318102
.1298209384,.5602118742,.4799816195
.1111529029,.5760442692,.5372875418
.915930248e-1,.5907926152,.5946385184
.711347520e-1,.6044489462,.6522248340
.497623451e-1,.6169941312,.7102439023
.274500599e-1,.6283968772,.7689066622
.2454908079,.4396329515,.1472143727e-1
.2346188928,.4649416695,.7921069444e-1
.2225339692,.4887759525,.1417746961
.2093323521,.5112528755,.2028026807
.1950868631,.5324609545,.2626156861
.1798523378,.5524668425,.3214867536
.1636692778,.5713197705,.3796550687
.1465662844,.5890545025,.4373363583
.1285616466,.6056932695,.4947309581
.1096642984,.6212469315,.5520304645
.898742732e-1,.6357155295,.6094236253
.691827056e-1,.6490882865,.6671019917
.475713813e-1,.6613430635,.7252658102
.2552041886,.4610714660,-.3647653057e-1
.2453501379,.4876174140,.2981809597e-1
.2341878646,.5125731960,.9382334277e-1
.2218373081,.5360845990,.1560007109
.2083887346,.5582613430,.2167214425
.1939104016,.5791863950,.2762939585
.1784535591,.5989220530,.3349823894
.1620557790,.6175139840,.3930196763
.1447431640,.6349939170,.4506173390
.1265317755,.6513813750,.5079731394
.1074284680,.6666846900,.5652775077
.874312346e-1,.6809014230,.6227193368
.665291066e-1,.6940182400,.6804916464
.2630105754,.4813889848,-.9129768978e-1
.2543113947,.5093386978,-.2276321949e-1
.2441793904,.5355467888,.4302208235e-1
.2327664983,.5601979388,.1066210869
.2201858132,.5834296158,.1684740732
.2065226030,.6053454648,.2289376241
.1918413209,.6260238288,.2883098548
.1761902057,.6455233438,.3468476097
.1596043419,.6638866568,.4047787629
.1421076934,.6811428938,.4623114597
.1237143960,.6973092388,.5196414762
.1044294866,.7123918128,.5769584707
.842491551e-1,.7263859868,.6344517140
.2686436139,.5003232712,-.1504440643
.2612807181,.5298972632,-.7908821612e-1
.2523178973,.5575265182,-.1108204634e-1
.2419522856,.5834506552,.5428454548e-1
.2303279795,.6078448292,.1175493200
.2175525564,.6308397982,.1791356019
.2037072228,.6525342732,.2393882164
.1888533169,.6730028102,.2985969926
.1730365919,.6923010232,.3570129266
.1562900647,.7104690472,.4148598439
.1386359061,.7275338282,.4723432355
.1200866228,.7435105692,.5296573785
.1006456987,.7584035052,.5869914587
.2717494787,.5175151632,-.2148891316
.2659723929,.5490167342,-.1399022109
.2583636563,.5782919032,-.6908270696e-1
.2491876330,.6056620052,-.1496571314e-2
.2386324121,.6313556712,.6353657649e-1
.2268359916,.6555406352,.1265350569
.2139016217,.6783424012,.1879090169
.1999073025,.6998557812,.2479941019
.1849118994,.7201523272,.3070736683
.1689591762,.7392852322,.3653941514
.1520804872,.7572926102,.4231762327
.1342965486,.7741996412,.4806233750
.1156185361,.7900199102,.5379287594
.2718358496,.5324483972,-.2860486304
.2680053162,.5663160382,-.2062438408
.2620065878,.5975481972,-.1317813844
.2542108405,.6265960522,-.6136480030e-1
.2448720547,.6537683132,.5905095317e-2
.2341716704,.6792855292,.7068689181e-1
.2222431667,.7033099442,.1334845986
.2091865718,.7259631452,.1946986033
.1950774851,.7473370232,.2546577457
.1799729085,.7675008652,.3136405776
.1639151023,.7865060412,.3718901540
.1469341549,.8043891212,.4296248381
.1290496694,.8211739362,.4870466211
.165521936,.2638847486,.3586231039
.148749998,.2820218840,.4164572416
.131070902,.2990563522,.4739333605
.112496896,.3150030433,.5312455176
.93031221e-1,.3298658935,.5885828364
.72668265e-1,.3436380855,.6461351972
.51393289e-1,.3563016985,.7040989734
.29181658e-1,.3678267925,.7626833447
.5997509e-2,.3781697735,.8221177455
-.18208333e-1,.3872708675,.8826612667
-.43501504e-1,.3950502945,.9446152059
-.69968821e-1,.4014025275,1.008340665
-.97725492e-1,.4061875275,1.074284457
.185441202,.2899196657,.3242495258
.169214114,.3087190751,.3823901185
.152068178,.3264016108,.4400534444
.134021226,.3429889428,.4974392820
.115081763,.3584914138,.5547389645
.95249406e-1,.3729085578,.6121412457
.74514862e-1,.3862290758,.6698379515
.52859455e-1,.3984302698,.7280298939
.30254148e-1,.4094768428,.7869335646
.6657923e-2,.4193189378,.8467892755
-.17984690e-1,.4278891308,.9078716703
-.43747322e-1,.4350979198,.9705040544
-.70727372e-1,.4408269158,1.035078909
.2043843640,.3156890996,.2883925636
.1887319144,.3351869930,.3469293129
.1721447573,.3535487330,.4048597649
.154646842,.3708034310,.4623920421
.136252292,.3869682530,.5197219077
.116966130,.4020493050,.5770390172
.96784535e-1,.4160419430,.6345326432
.75694646e-1,.4289305340,.6923973727
.53673907e-1,.4406876590,.7508392579
.30688854e-1,.4512726440,.8100829804
.6693200e-2,.4606292270,.8703807830
-.18375060e-1,.4686820380,.9320242551
-.44598000e-1,.4753313150,.9953607203
.2222898928,.3411404900,.2509393650
.2072461949,.3613783320,.3099758209
.1912470026,.3804547540,.3682646417
.1743231088,.3984071840,.4260254721
.1564947361,.4152602050,.4834611134
.1377726069,.4310268490,.5407644002
.1181584911,.4457092680,.5981241908
.976452935e-1,.4592988370,.6557310362
.76216695e-1,.4717757200,.7137829800
.53846308e-1,.4831078420,.7724920089
.30496224e-1,.4932491270,.8320917662
.6114787e-2,.5021367830,.8928473781
-.19366778e-1,.5096872140,.9550686844
.2390872669,.3662135632,.2117539619
.2246918318,.3872393792,.2714107945
.2093142103,.4070713302,.3301630590
.1929930066,.4257563422,.3882458727
.1757552081,.4433272162,.4458722080
.1576176663,.4598044362,.5032407083
.1385879770,.4751972362,.5605421842
.1186648626,.4895040622,.6179654431
.978381095e-1,.5027124982,.6757029423
.760880468e-1,.5147986362,.7339567599
.533845095e-1,.5257258082,.7929453970
.296851469e-1,.5354425382,.8529121119
.4932845e-2,.5438794022,.9141357428
.2546949424,.3908382460,.1706716786
.2409940933,.4127083440,.2310910837
.2262771672,.4333433830,.2904290412
.2105918827,.4528013650,.3489411630
.1939728961,.4711244160,.4068544635
.1764437975,.4883412090,.4643765269
.1580183862,.5044685190,.5217028049
.1387013788,.5195120790,.5790228441
.1184886473,.5334668690,.6365260045
.973670091e-1,.5463168680,.6944071653
.753135541e-1,.5580342270,.7528728940
.522944122e-1,.5685777770,.8121486633
.282628086e-1,.5778906620,.8724878583
.2690176859,.4149318672,.1274915619
.2560664573,.4377131412,.1888432860
.2420563190,.4592072932,.2489108501
.2270458761,.4794855572,.3079769379
.2110786849,.4986008772,.3662875110
.1941859242,.5165911502,.4240629261
.1763881557,.5334813712,.4815064398
.1576964149,.5492849532,.5388111217
.1381127725,.5640044122,.5961658741
.1176304379,.5776314962,.6537610969
.962334190e-1,.5901467652,.7117944769
.738956894e-1,.6015185832,.7704774071
.505797680e-1,.6117013922,.8300426451
.2819429410,.4383952910,.8196587572e-1
.2698076920,.4621684040,.1444556358
.2565593535,.4845885370,.2054245678
.2422698679,.5057431360,.2651912612
.2269933823,.5256980210,.3240270273
.2107698375,.5445017380,.3821698363
.1936273600,.5621884770,.4398345916
.1755838150,.5787799520,.4972211202
.1566477447,.5942865460,.5545207725
.1368187989,.6087078360,.6119223031
.1160877184,.6220325640,.6696175148
.944358654e-1,.6342380770,.7278071731
.718342435e-1,.6452891300,.7867076980
.2933357986,.4611074758,.3378518916e-1
.2820979079,.4859713418,.9766672583e-1
.2696779987,.5093984458,.1597452961
.2561648086,.5314966458,.2203876299
.2416254331,.5523475008,.2798989884
.2261102069,.5720121928,.3385412597
.2096559472,.5905354718,.3965458258
.1922881091,.6079482808,.4541231632
.1740221748,.6242694368,.5114704101
.1548644513,.6395066088,.5687777425
.1348123926,.6536567008,.6262341403
.1138544698,.6667056978,.6840330630
.919695820e-1,.6786279528,.7423785016
.3030318062,.4829175468,-.1744347633e-1
.2927930621,.5089958928,.4814943444e-1
.2812836588,.5335297318,.1115948931
.2686141430,.5566534348,.1733253315
.2548679132,.5784683708,.2336918919
.2401079893,.5990511448,.2929888672
.2243814685,.6184590038,.3514703970
.2077224892,.6367334438,.4093624809
.1901541956,.6539025938,.4668720284
.1716899799,.6699827368,.5241941143
.1523341723,.6849791338,.5815181591
.1320822584,.6988862978,.6390336422
.1109206510,.7116877128,.6969358180
.3108263115,.5036328585,-.7222974471e-1
.3017170755,.5310841435,-.4512727568e-2
.2912213182,.5568500875,.6062436706e-1
.2794789247,.5811007225,.1237058706
.2665944873,.6039631835,.1851460089
.2526470038,.6255334925,.2452832691
.2376961093,.6458841395,.3044030146
.2217861895,.6650690735,.3627530920
.2049491191,.6831270395,.4205551547
.1872060690,.7000837705,.4780132908
.1685686338,.7159533615,.5353210124
.1490394231,.7307389845,.5926673122
.1286121916,.7444330465,.6502423369
.3164579667,.5230002188,-.1312523075
.3086501053,.5520333478,-.6086167291e-1
.2993007593,.5791927728,.6387838213e-2
.2885909443,.6046985248,.7115342615e-1
.2766538504,.6287124998,.1339381841
.2635892989,.6513560278,.1951418760
.2494727351,.6727208178,.2550929091
.2343610406,.6928760088,.3140695234
.2182963786,.7118728508,.3723145595
.2013087553,.7297478178,.4300462346
.1834177016,.7465246478,.4874664430
.1646333030,.7622156018,.5447675519
.1449567113,.7768220808,.6021383577
.3195817730,.5406747018,-.1954465905
.3133103020,.5715753388,-.1216221998
.3052834167,.6003422388,-.5169742998e-1
.2957427778,.6272691448,.1518567765e-1
.2848618716,.6525669338,.7965973360e-1
.2727687377,.6763912378,.1422115930
.2595595009,.6988588988,.2032299172
.2453068383,.7200582588,.2630353442
.2300654731,.7400558318,.3219006297
.2138758151,.7589007388,.3800647624
.1967663879,.7766276508,.4377433332
.1787554112,.7932587128,.4951365935
.1598517554,.8088047078,.5524360996
.192501342,.2562026277,.4122671397
.174887672,.2733166226,.4697626491
.156378510,.2893421332,.5270803251
.136977742,.3042838791,.5844094573
.116680403,.3181358280,.6419396767
.95472436e-1,.3308808930,.6998666867
.73329963e-1,.3424900490,.7583984996
.50217999e-1,.3529207710,.8177627904
.26088425e-1,.3621145720,.8782161178
.876940e-3,.3699932890,.9400561936
-.25501529e-1,.3764535190,1.003639025
-.53159804e-1,.3813581210,1.069404060
-.82249439e-1,.3845228800,1.137912934
.213329809,.2827396006,.3789818312
.196237389,.3004871855,.4366676101
.178243168,.3171386141,.4940644322
.159356183,.3327048738,.5513639598
.139576572,.3471861308,.6087549411
.118895574,.3605717348,.6664288637
.97295089e-1,.3728396868,.7245858345
.74746725e-1,.3839554748,.7834412148
.51210229e-1,.3938701718,.8432336511
.26631072e-1,.4025174958,.9042354128
.936823e-3,.4098094068,.9667664519
-.25968313e-1,.4156294608,1.031214446
-.54211922e-1,.4198225808,1.098064814
.2332344098,.3090614042,.3443235030
.2166885057,.3274732878,.4022765281
.199230989,.3447770908,.4598223755
.180876403,.3609904898,.5171572236
.161630169,.3761200758,.5744708741
.141488864,.3901616868,.6319524989
.120440041,.4031001938,.6897963200
.98461600e-1,.4149087338,.7482077336
.75520599e-1,.4255472658,.8074104121
.51571380e-1,.4349602898,.8676551378
.26552721e-1,.4430733908,.9292314330
.383566e-3,.4497880448,.9924836865
-.27043457e-1,.4549737378,1.057834598
.2521608624,.3351223120,.3081992362
.2361901109,.3542333040,.3665073783
.2192938873,.3722193680,.4242811600
.2014927157,.3891054520,.4817237872
.1827975961,.4049049260,.5390283024
.1632105652,.4196202680,.5963836049
.1427248002,.4332431810,.6539801084
.121324272,.4457541840,.7120155401
.98982913e-1,.4571215910,.7707013589
.75663196e-1,.4672997860,.8302704201
.51313921e-1,.4762265360,.8909867252
.25866896e-1,.4838189520,.9531585168
-.768057e-3,.4899674200,1.017156781
.2700474851,.3608706135,.2704974775
.2546846984,.3807205965,.3292618500
.2383778268,.3994230285,.3873533318
.2211540234,.4170109135,.4449851761
.2030302890,.4335049175,.5023561933
.1840143574,.4489144395,.5596572714
.1641050876,.4632380935,.6170772045
.1432924065,.4764636355,.6748083511
.1215567962,.4885673395,.7330525899
.988682639e-1,.4995127515,.7920281124
.751846641e-1,.5092486415,.8519777198
.50449136e-1,.5177058935,.9131795996
.24586262e-1,.5247928365,.9759620810
.2868236656,.3862470782,.2310839658
.2721068576,.4068822592,.2904220342
.2564216862,.4263403792,.3489342403
.2398028085,.4446635622,.4068476006
.2222738178,.4618804872,.4643696978
.2038485127,.4780079262,.5216959882
.1845316115,.4930516142,.5790160166
.1643189866,.5070065352,.6365191451
.1431974582,.5198566672,.6944002476
.1211441157,.5315741632,.7528658941
.981250911e-1,.5421178552,.8121415529
.740936117e-1,.5514308912,.8724806040
.489870621e-1,.5594371602,.9341762552
.3024078637,.4111829335,.1897963048
.2883815973,.4326574815,.2498460584
.2733558190,.4529171045,.3088984513
.2573738721,.4720144885,.3671989658
.2404667577,.4899873145,.4249676283
.2226548802,.5068603855,.4824074858
.2039491314,.5226469405,.5397114970
.1843514427,.5373493265,.5970685447
.1638548841,.5509591205,.6546690963
.1424433120,.5634566995,.7127110032
.1200905337,.5748102255,.7714059305
.967588723e-1,.5849739025,.8309870427
.723969481e-1,.5938852765,.8917187818
.3167049911,.4355971438,.1464366228
.3034221840,.4579753798,.2073622661
.2891002239,.4790905068,.2670950357
.2737927525,.4990077268,.3259049803
.2575392998,.5177750898,.3840291844
.2403676409,.5354263588,.4416819543
.2222953306,.5519828688,.4990627439
.2033306209,.5674546518,.5563627338
.1834728780,.5818409378,.6137706867
.1627125513,.5951301168,.6714786003
.1410306880,.6072991518,.7296876330
.1183979363,.6183123658,.7886148309
.947729082e-1,.6281194508,.8485013196
.3296028489,.4593926842,.1007614326
.3171272485,.4827520922,.1627613120
.3035621275,.5047871712,.2233412481
.2889736593,.5255783532,.2828039920
.2734114481,.5451859322,.3414096624
.2569117081,.5636539292,.3993884095
.2394993763,.5810126552,.4569498886
.2211894689,.5972803622,.5142907533
.2019878538,.6124641822,.5716009864
.1818915491,.6265604922,.6290696569
.1608885718,.6395547262,.6868905959
.1389573272,.6514206332,.7452684802
.1160654542,.6621188812,.8044258781
.3409672293,.4824512925,.5246725802e-1
.3293768938,.5068867565,.1157852086
.3166327992,.5299198055,.1774139093
.3028167949,.5516499315,.2377000388
.2879907146,.5721522915,.2969347303
.2722007068,.5914829795,.3553699037
.2554801196,.6096825335,.4132300198
.2378514110,.6267782495,.4707209838
.2193273501,.6427856485,.5280373025
.1999116707,.6577092705,.5853682275
.1795992625,.6715429025,.6429034430
.1583759110,.6842692675,.7008388025
.1362175649,.6958591295,.7593825847
.3506349467,.5046258748,.1169718268e-2
.3400273106,.5302558268,.6611171026e-1
.3281832290,.5543828588,.1290373813
.3152047794,.5771310458,.1903533226
.3011690907,.5985941408,.2503926967
.2861343514,.6188428728,.3094371122
.2701437816,.6379297748,.3677317709
.2532282775,.6558924028,.4254965092
.2354081529,.6727554498,.4829342506
.2166942146,.6885320498,.5402378913
.1970883135,.7032244538,.5975963025
.1765834368,.7168241368,.6551999924
.1551633537,.7293113708,.7132469084
.3584035687,.5257291165,-.5362802827e-1
.3489030637,.5527048065,.1333150216e-1
.3380580934,.5780462755,.7786639064e-1
.3259977653,.6019104555,.1404668468
.3128189714,.6244151215,.2015238344
.2985949660,.6456493125,.2613595986
.2833809218,.6656800955,.3202480364
.2672176150,.6845570335,.3784289309
.2501338810,.7023151755,.4361184160
.2321482139,.7189770025,.4935170822
.2132697400,.7345536065,.5508166461
.1934986807,.7490452575,.6082058572
.1728263606,.7624414105,.6658761502
.3640156425,.5455156782,-.1125849181
.3557856934,.5740357502,-.4308646625e-1
.3460670997,.6007463502,.2346067984e-1
.3350265936,.6258501402,.8766717519e-1
.3227875643,.6494971062,.1500052935
.3094427810,.6718000082,.2108536858
.2950623933,.6928441162,.2705259792
.2796991436,.7126935372,.3292899734
.2633918249,.7313954252,.3873811836
.2461675847,.7489827802,.4450128552
.2280434194,.7654762602,.5023837934
.2090270585,.7808852602,.5596848825
.1891173568,.7952083892,.6171049189
