-.2602419608,-.209209709e-1,-.6861715597
-.2403956778,.672300294e-1,-.4742644412
-.2377021188,.1278710913,-.3320546873
-.2419221068,.1774240474,-.2155742918
-.2503458908,.2202348561,-.1133957571
-.2617642238,.2582429352,-.2046401263e-1
-.2755132618,.2925129777,.6599831822e-1
-.2911843698,.3237003576,.1477233688
-.3085076818,.3522378954,.2258891854
-.3272970068,.3784242063,.3013514041
-.3474207758,.4024703061,.3747660703
-.3687855178,.4245261029,.4466608431
-.3913260208,.4446961875,.5174795031
-.2859843005+.3699727394e-1*I,-.637996122e-1+.5933709129e-1*I,-.9162978577+.1629628522*I
-.2364061700,.720360194e-1,-.5787027684
-.2266432513,.1440150854,-.4084642285
-.2274550129,.1990342326,-.2795709242
-.2336947994,.2453477875,-.1701249581
-.2435161909,.2859170816,-.7237730158e-1
-.2560023556,.3222125478,.1750107420e-1
-.2706206147,.3550885122,.1017475638
-.2870316105,.3850892448,.1818156734
-.3050063385,.4125820243,.2587242932
-.3243848065,.4378234549,.3332317507
-.3450534215,.4609957177,.4059319294
-.3669318385,.4822276713,.4773118981
-.2611856091+.7699455460e-1*I,-.230307978e-1+.1234856634*I,-.9162978575+.3343770573*I
-.2496936610,.517213254e-1,-.7528549589
-.2215568508,.1531688694,-.5057918379
-.2169496387,.2168790921,-.3561284069
-.2201614785,.2680489390,-.2360409859
-.2279164283,.3119324376,-.1316784952
-.2388363401,.3507398994,-.3727420127e-1
-.2521864020,.3856498274,.5024312988e-1
-.2675220233,.4173752707,.1327514003
-.2845527406,.4463820779,.2115097519
-.3030794637,.4729895553,.2874225455
-.3229619403,.4974226454,.3611766242
-.3441004794,.5198412330,.4333196630
-.2374868814+.1053458041*I,.187767307e-1+.1689560589*I,-.9162978577+.4506653158*I
-.2627732044+.5901697134e-1*I,.345430077e-1+.9465279592e-1*I,-.9162978574+.2582263320*I
-.2277720383,.1469997623,-.6463026858
-.2120788022,.2284900109,-.4517367071
-.2106544493,.2870954915,-.3144032442
-.2155795949,.3355174990,-.2004093767
-.2244825962,.3775597249,-.9977109324e-1
-.2362630840,.4149869749,-.7890811043e-2
-.2503047231,.4487877347,.7781270099e-1
-.2662235303,.4795778507,.1589720861
-.2837639896,.5077671210,.2367091895
-.3027490183,.5336395596,.3118455590
-.3230532383,.5573962474,.3850155587
-.2149949323+.1302839861*I,.617238390e-1+.2089524971*I,-.9162978579+.5484905038*I
-.2402812539+.9484751136e-1*I,.774901153e-1+.1521186520*I,-.9162978576+.4081980329*I
-.2655675766+.3892729741e-1*I,.932563921e-1+.6243250794e-1*I,-.9162978579+.1713837851*I
-.2169064152,.2276213675,-.5829991352
-.2068029250,.3001466501,-.4113802980
-.2074716727,.3553951660,-.2819535134
-.2136245921,.4018480399,-.1722107776
-.2233842993,.4425162638,-.7427159712e-1
-.2358225911,.4788885101,.1574056335e-1
-.2504014647,.5118276429,.1000849166
-.2667786711,.5418825658,.1802265206
-.2847234702,.5694233486,.2571909871
-.3040747342,.5947084091,.3317407908
-.1938475662+.1538781875*I,.1059406594+.2467934280*I,-.9162978578+.6368624490*I
-.2191338884+.1237132373*I,.1217069361+.1984141771*I,-.9162978576+.5231466686*I
-.2444202099+.8618923857e-1*I,.1374732120+.1382323119*I,-.9162978579+.3726384178*I
-.2697065316+.7025339143e-2*I,.1532394882+.1126740286e-1*I,-.9162978579+.3107683892e-1*I
-.2123325655,.3015782651,-.5419027537
-.2053111329,.3691604715,-.3826851410
-.2073431133,.4222226036,-.2583048840
-.2143396691,.4673224336,-.1514204732
-.2247043991,.5070203074,-.5534275594e-1
-.2376151823,.5426347622,.3336236093e-1
-.2525844738,.5749477317,.1167476778
-.2692977073,.6044637278,.1961678762
-.2875409256,.6315258979,.2725839883
-.1742264629+.1771135156*I,.1515987546+.2840587892*I,-.9162978579+.7198060684*I
-.1995127847+.1502100935*I,.1673650311+.2409104532*I,-.9162978576+.6233969742*I
-.2247991065+.1193905271*I,.1831313072+.1914813133*I,-.9162978579+.5063031311*I
-.2500854286+.8026378124e-1*I,.1988975837+.1287289252*I,-.9162978579+.3480378559*I
-.2458353644,.2620350079,-.7852467626
-.2129658871,.3710729107,-.5178676796
-.2075793241,.4360330749,-.3651371551
-.2103992232,.4878315249,-.2436318828
-.2178993280,.5321237526,-.1384271803
-.2286314926,.5712323255,-.4346081472e-1
-.2418323945,.6063814791,.4445680567e-1
-.2570432667,.6383069982,.1272612201
-.2739656318,.6674875832,.2062432605
-.1563782065+.2006408627*I,.1989309787+.3217924978*I,-.9162978575+.7996851230*I
-.1816645281+.1759975608*I,.2146972550+.2822689951*I,-.9162978573+.7159151517*I
-.2069508506+.1489653574*I,.2304635314+.2389141163*I,-.9162978576+.6188045948*I
-.2322371716+.1179125328*I,.2462298072+.1891108716*I,-.9162978577+.5005133715*I
-.2575234940+.7818697798e-1*I,.2619960840+.1253980998*I,-.9162978574+.3393668151*I
-.2484614938,.3328510014,-.7637413011
-.2187895477,.4367606316,-.5101053791
-.2139070403,.5009123794,-.3593605076
-.2169792138,.5523062286,-.2387688000
-.2246430179,.5963359079,-.1341057175
-.2354956437,.6352512824,-.3950044481e-1
-.2487921781,.6702470604,.4816017497e-1
-.2640829894,.7020443715,.1307745185
-.1406508243+.2250211646*I,.2482659776+.3608941946*I,-.9162978578+.8782230301*I
-.1659371465+.2020547067*I,.2640322541+.3240600536*I,-.9162978576+.8043558517*I
-.1912234687+.1775241827*I,.2797985306+.2847174268*I,-.9162978578+.7212355661*I
-.2165097896+.1506675737*I,.2955648063+.2416441708*I,-.9162978576+.6250818947*I
-.2417961122+.1199322743*I,.3113310833+.1923501804*I,-.9162978573+.5084214155*I
-.2670824342+.8101811117e-1*I,.3270973595+.1299387374*I,-.9162978575+.3511811363*I
-.2648236909,.3870410518,-.7941279875
-.2305675067,.4983029904,-.5207682128
-.2249896793,.5635699098,-.3672823868
-.2277150152,.6155200237,-.2454337808
-.2351540670,.6599101662,-.1400265217
-.2458414322,.6990905911,-.4492544779e-1
-.2590068339,.7342966819,.4308790676e-1
-.1275626496+.2508666670*I,.3000932238+.4023458150*I,-.9162978573+.9569875404*I
-.1528489707+.2292051523*I,.3158594998+.3676045723*I,-.9162978571+.8912809221*I
-.1781352940+.2064777698*I,.3316257768+.3311538654*I,-.9162978578+.8188742989*I
-.2034216152+.1822862817*I,.3473920527+.2923549924*I,-.9162978576+.7377200461*I
-.2287079375+.1559508195*I,.3631583294+.2501175638*I,-.9162978573+.6444262567*I
-.2539942596+.1261355574*I,.3789246057+.2022991505*I,-.9162978576+.5325263152*I
-.2792805812+.8942511166e-1*I,.3946908820+.1434220811*I,-.9162978573+.3859830603*I
-.3045669027+.2409716403e-1*I,.4104571581+.3864759402e-1*I,-.9162978572+.1064108916*I
-.2502394497,.5539098658,-.5563439741
-.2421783646,.6231594932,-.3929666421
-.2437329529,.6769872755,-.2668291910
-.2504301027,.7225673005,-.1589365359
-.2605785916,.7626119874,-.6219793070e-1
-.1179475692+.2790020472*I,.3552001693+.4474699944*I,-.9162978573+1.037794321*I
-.1432338900+.2583957480*I,.3709664449+.4144211308*I,-.9162978574+.9791011089*I
-.1685202139+.2370479540*I,.3867327222+.3801830402*I,-.9162978578+.9154345300*I
-.1938065350+.2147376404*I,.4024989982+.3444012390*I,-.9162978574+.8456107857*I
-.2190928572+.1911280372*I,.4182652747+.3065356062*I,-.9162978574+.7678795800*I
-.2443791787+.1656645713*I,.4340315508+.2656967054*I,-.9162978575+.6794441709*I
-.2696655002+.1373197897*I,.4497978269+.2202366833*I,-.9162978573+.5752768805*I
-.2949518221+.1037586135*I,.4655641035+.1664104859*I,-.9162978571+.4442920090*I
-.3202381452+.5632162810e-1*I,.4813303803+.9032994154e-1*I,-.9162978573+.2466716833*I
-.2828790611,.5975688194,-.6354620614
-.2682248796,.6773926053,-.4451992679
-.2671547214,.7354300209,-.3092161129
-.2722819243,.7835279630,-.1959288876
-.1133164447+.3107901633*I,.4150135449+.4984525159*I,-.9162978582+1.123372146*I
-.1386027663+.2910695053*I,.4307798217+.4668240652*I,-.9162978574+1.070968288*I
-.1638890892+.2708312011*I,.4465460980+.4343653997*I,-.9162978584+1.014835893*I
-.1891754105+.2499495410*I,.4623123744+.4008749063*I,-.9162978579+.9542687706*I
-.2144617341+.2282480156*I,.4780786517+.3660694937*I,-.9162978577+.8883044266*I
-.2397480539+.2054670116*I,.4938449268+.3295327877*I,-.9162978579+.8155689931*I
-.2650343764+.1811998311*I,.5096112036+.2906125175*I,-.9162978576+.7339740828*I
-.2903206983+.1547488803*I,.5253774803+.2481898657*I,-.9162978573+.6400438719*I
-.3156070208+.1247325299*I,.5411437567+.2000489422*I,-.9162978576+.5270987328*I
-.3408933428+.8755765581e-1*I,.5569100332+.1404270117*I,-.9162978575+.3782895936*I
-.3661796635+.1648130656e-1*I,.5726763089+.2643310408e-1*I,-.9162978573+.7285292238e-1*I
-.3100661963,.7189934686,-.5478875697
-.3026193424,.7872579763,-.3869708948
-.1170439734+.3491494247*I,.4827201337+.5599739953*I,-.9162978575+1.219318077*I
-.1423302954+.3302101148*I,.4984864107+.5295986883*I,-.9162978570+1.172894623*I
-.1676166184+.3109168223*I,.5142526865+.4986556544*I,-.9162978581+1.123701694*I
-.1929029392+.2911991962*I,.5300189630+.4670320664*I,-.9162978575+1.071320159*I
-.2181892613+.2709646177*I,.5457852396+.4345793773*I,-.9162978573+1.015214050*I
-.2434755837+.2500876389*I,.5615515160+.4010963913*I,-.9162978575+.9546785057*I
-.2687619056+.2283921654*I,.5773177922+.3663006847*I,-.9162978574+.8887531057*I
-.2940482259+.2056192763*I,.5930840680+.3297769941*I,-.9162978569+.8160673896*I
-.3193345494+.1813635639*I,.6088503454+.2908751164*I,-.9162978571+.7345391790*I
-.3446208703+.1549301445*I,.6246166208+.2484805814*I,-.9162978570+.6407054749*I
-.3699071914+.1249444190*I,.6403828966+.2003887751*I,-.9162978571+.5279193377*I
-.3951935145+.8784085768e-1*I,.6561491738+.1408812175*I,-.9162978572+.3794577029*I
-.4204798365+.1783468766e-1*I,.6719154500+.2860368830e-1*I,-.9162978572+.7882342922e-1*I
-.2000893470,.284966703e-1,-.4910704730
-.1963967050,.907400866e-1,-.3449836112
-.2000821770,.1411503056,-.2265981536
-.2081489590,.1845336817,-.1232587323
-.2193002290,.2229700853,-.2954156078e-1
-.2328349490,.2575838553,.5748461473e-1
-.2483255180,.2890607888,.1396287365
-.2654911550,.3178512082,.2181117595
-.2841388120,.3442647313,.2938151725
-.3041322870,.3685197988,.3674113841
-.3253747850,.3907716537,.4394387013
-.3477985560,.4111289571,.5103478545
-.3713585900,.4296638948,.5805330529
-.1952408751,.330515633e-1,-.5937955332
-.1842612853,.1069819570,-.4186155885
-.1845706066,.1628069301,-.2878440434
-.1905068977,.2096072365,-.1773588493
-.2001133928,.2505211849,-.7894228338e-1
-.2124330727,.2870836641,.1140263640e-1
-.2269145290,.3201790349,.9599009767e-1
-.2432082695,.3503678233,.1763141629
-.2610792075,.3780270659,.2534172432
-.2803633945,.4034197064,.3280721894
-.3009444925,.4267323301,.4008822207
-.3227401305,.4480970462,.4723405103
-.3456936785,.4676046806,.5428684369
-.2083217083,.113217248e-1,-.7694507322
-.1778225280,.1165580923,-.5122659371
-.1728008492,.1809330482,-.3609735294
-.1758029237,.2324393197,-.2401283263
-.1834211212,.2765421489,-.1353145633
-.1942401359,.3155114271,-.4060870814e-1
-.2075099619,.3505500412,.4712355948e-1
-.2227784317,.3823831825,.1297909126
-.2397507938,.4114835809,.2086694518
-.2582252955,.4381748143,.2846736532
-.2780599034,.4626846757,.3584967145
-.2991536621,.4851750835,.4306904471
-.3214356660,.5057597555,.5017144000
-.2169516119+.5905262312e-1*I,-.6150588e-3+.9470997500e-1*I,-.9162978575+.2583789447*I
-.1819830080,.1117894744,-.6464521558
-.1662751891,.1933031118,-.4518256734
-.1648459736,.2519163905,-.3144736408
-.1697683609,.3003428199,-.2004701132
-.1786694700,.3423880826,-.9982578511e-1
-.1904485187,.3798176377,-.7941362904e-2
-.2044889916,.4136202704,.7776515329e-1
-.2204068081,.4444119743,.1589267772
-.2379463976,.4726026407,.2366655809
-.2569306400,.4984763384,.3118032388
-.2772341348,.5222341901,.3849742072
-.2987678782,.5440189392,.4566920589
-.1936419497+.9323757754e-1*I,.415598703e-1+.1495366026*I,-.9162978576+.4016217988*I
-.2189282719+.3510030117e-1*I,.573261469e-1+.5629468212e-1*I,-.9162978574+.1546749433*I
-.1685044063,.1945181880,-.5747344111
-.1590520801,.2659991189,-.4057526303
-.1599958912,.3208064840,-.2773510830
-.1663162248,.3669908533,-.1681798081
-.1761949388,.4074682119,-.7060978645e-1
-.1887256525,.4436922300,.1914436722e-1
-.2033805973,.4765093561,.1032999244
-.2198230881,.5064595776,.1832997210
-.2378257303,.5339075877,.2601564256
-.2572295807,.5591083095,.3346245265
-.2779217781,.5822427501,.4072954288
-.1715810397+.1209411175*I,.849140162e-1+.1939681864*I,-.9162978577+.5123604876*I
-.1968673619+.8241345990e-1*I,.1006802928+.1321766301*I,-.9162978575+.3569867378*I
-.1987946133,.1539103921,-.8127666855
-.1614974688,.2700494923,-.5262517258
-.1555536250,.3359034365,-.3713177575
-.1580997699,.3881409393,-.2488172658
-.1654235946,.4327158878,-.1430268652
-.1760265950,.4720316181,-.4767151674e-1
-.1891252400,.5073447756,.4052233735e-1
-.2042508028,.5394071146,.1235307748
-.2210992122,.5687063111,.2026667994
-.2394629559,.5955751797,.2788668183
-.2591961690,.6202476618,.3528377984
-.1509195748+.1463492589*I,.1295896810+.2347183565*I,-.9162978576+.6091147428*I
-.1762058970+.1147863606*I,.1453559575+.1840970438*I,-.9162978574+.4882160631*I
-.2014922191+.7369438648e-1*I,.1611222339+.1181927768*I,-.9162978578+.3205256748*I
-.1841518779,.2452541472,-.7265707353
-.1595025787,.3411083368,-.4943716644
-.1556081374,.4036754039,-.3474978180
-.1591878230,.4542552904,-.2287333255
-.1671845893,.4977509583,-.1251649222
-.1782837566,.5362709256,-.3129354567e-1
-.1917768092,.5709515224,.5584302833e-1
-.2072323651,.6024846089,.1380690719
-.2243674835,.6313239779,.2166140667
-.2429877608,.6577814118,.2923646014
-.1318579752+.1709903396*I,.1757761245+.2742382971*I,-.9162978573+.6983419708*I
-.1571442961+.1433505084*I,.1915424004+.2299088908*I,-.9162978571+.5979444766*I
-.1824306185+.1111673998*I,.2073086767+.1782928701*I,-.9162978575+.4738943485*I
-.2077169403+.6829468796e-1*I,.2230749529+.1095326143*I,-.9162978575+.2977342756*I
-.1826772133,.3195553221,-.6917609542
-.1622040200,.4087117747,-.4772184850
-.1593381933,.4696291262,-.3343425476
-.1634647318,.5193319578,-.2175303200
-.1718257122,.5622434910,-.1151483843
-.1831968951,.6003271919,-.2207858207e-1
-.1969080034,.6346580639,.6448304060e-1
-.2125471064,.6658967765,.1462819736
-.2298424290,.6944792035,.2245037366
-.1146714698+.1957447046*I,.2237332499+.3139399250*I,-.9162978576+.7833978628*I
-.1399577906+.1706931767*I,.2394995258+.2737617002*I,-.9162978573+.6972931434*I
-.1652441142+.1430156702*I,.2552658028+.2293718690*I,-.9162978578+.5966930365*I
-.1905304353+.1107608004*I,.2710320787+.1776407564*I,-.9162978576+.4722795523*I
-.2158167575+.6767258322e-1*I,.2867983554+.1085348683*I,-.9162978573+.2950985713*I
-.1899988063,.3845268561,-.6882278143
-.1699232352,.4730455949,-.4753573283
-.1671661063,.5337886119,-.3329018586
-.1713515464,.5833969732,-.2162988549
-.1797520936,.6262450515,-.1140450996
-.1911529733,.6642811234,-.2106228113e-1
-.2048879659,.6985736909,.6543679251e-1
-.2205472199,.7297800832,.1471891866
-.997547741e-1+.2213121655*I,.2738337939+.3549456154*I,-.9162978576+.8665460548*I
-.1250410959+.1981232565*I,.2896000705+.3177547025*I,-.9162978571+.7913320531*I
-.1503274176+.1732735586*I,.3053663464+.2779001768*I,-.9162978576+.7063784046*I
-.1756137397+.1459170247*I,.3211326229+.2340251294*I,-.9162978575+.6075088360*I
-.2009000625+.1142671471*I,.3368988998+.1832643171*I,-.9162978574+.4861669652*I
-.2261863830+.7293377366e-1*I,.3526651753+.1169728882*I,-.9162978575+.3173247113*I
-.2076416685,.4387286904,-.7211420709
-.1836757098,.5334869242,-.4918434520
-.1799359834,.5958058533,-.3455730874
-.1835967084,.6462557679,-.2270990080
-.1916470923,.6896654429,-.1237059971
-.2027861516,.7281214312,-.2995271241e-1
-.2163111017,.7627508692,.5709932346e-1
-.877091396e-1+.2484305412*I,.3266455276+.3984386992*I,-.9162978577+.9497536899*I
-.1129954618+.2266618529*I,.3424118045+.3635255693*I,-.9162978573+.8833578965*I
-.1382817838+.2037906002*I,.3581780802+.3268441200*I,-.9162978579+.8100706743*I
-.1635681052+.1793955760*I,.3739443565+.2877188110*I,-.9162978576+.7277337671*I
-.1888544272+.1527484452*I,.3897106330+.2449815210*I,-.9162978575+.6327259812*I
-.2141407500+.1223868990*I,.4054769098+.1962869646*I,-.9162978577+.5179928611*I
-.2394270712+.8439294970e-1*I,.4212431859+.1353513821*I,-.9162978574+.3652029661*I
-.2493165592,.4617032646,-.8481256549
-.2057432984,.5879081449,-.5343040973
-.1992512394,.6546413325,-.3771945284
-.2015333220,.7073023426,-.2537303321
-.2086884470,.7521478556,-.1473770603
-.2191683758,.7916609687,-.5164937162e-1
-.795348590e-1+.2781001401*I,.3831130438+.4460234939*I,-.9162978581+1.035280072*I
-.1048211820+.2574645423*I,.3988793214+.4129276413*I,-.9162978574+.9763858446*I
-.1301075042+.2360793195*I,.4146455970+.3786295210*I,-.9162978585+.9124740268*I
-.1553938244+.2137195612*I,.4304118728+.3427684193*I,-.9162978580+.8423416283*I
-.1806801478+.1900415913*I,.4461781498+.3047931388*I,-.9162978579+.7642048488*I
-.2059664692+.1644770920*I,.4619444258+.2637921979*I,-.9162978581+.6752014577*I
-.2312527912+.1359660686*I,.4777107026+.2180655536*I,-.9162978577+.5701514859*I
-.2565391134+.1020685097*I,.4934769792+.1636998576*I,-.9162978576+.4374867802*I
-.2818254342+.5335111058e-1*I,.5092432546+.8556575608e-1*I,-.9162978578+.2338999467*I
-.2420875438,.6292968814,-.6244909330
-.2284486368,.7074923480,-.4384174299
-.2277395134,.7649507254,-.3038056884
-.2330750586,.8127145228,-.1912442587
-.771476500e-1+.3120523190*I,.4450453860+.5004767906*I,-.9162978580+1.126652173*I
-.1024339731+.2923617123*I,.4608116635+.4688965370*I,-.9162978574+1.074469881*I
-.1277202958+.2721603273*I,.4765779399+.4364970837*I,-.9162978578+1.018598270*I
-.1530066175+.2513250244*I,.4923442161+.4030809386*I,-.9162978581+.9583442599*I
-.1782929396+.2296833529*I,.5081104927+.3683715212*I,-.9162978577+.8927656663*I
-.2035792609+.2069825322*I,.5238767686+.3319634152*I,-.9162978578+.8205221817*I
-.2288655830+.1828284587*I,.5396430451+.2932245486*I,-.9162978576+.7395861254*I
-.2541519048+.1565499059*I,.5554093217+.2510783925*I,-.9162978573+.6466065202*I
-.2794382264+.1268331652*I,.5711755978+.2034179903*I,-.9162978574+.5352196701*I
-.3047245485+.9034700508e-1*I,.5869418742+.1449006352*I,-.9162978575+.3897730495*I
-.3300108700+.2712308930e-1*I,.6027081504+.4350064358e-1*I,-.9162978573+.1197131242*I
-.2765945451,.7446995691,-.5606475876
-.2682148164,.8144602427,-.3959903616
-.1560669935,.530764226e-1,-.3607801114
-.1590774885,.1045691922,-.2399653670
-.1667011585,.1486632418,-.1351696984
-.1775242045,.1876260568,-.4047590882e-1
-.1907972325,.2226595329,.4724775828e-1
-.2060683805,.2544883794,.1299087533
-.2230430685,.2835850473,.2087824891
-.2415196515,.3102729439,.2847830376
-.2613561655,.3347797479,.3586033414
-.2824517075,.3572672964,.4307950462
-.3047354085,.3778492455,.5018175916
-.3281597515,.3966018067,.5720707076
-.3526965435,.4135701971,.6419175988
-.1429855684,.692719382e-1,-.4320915648
-.1426074804,.1261993949,-.2987327287
-.1481361776,.1736534105,-.1868415666
-.1574567833,.2150258757,-.8752793363e-1
-.1695562644,.2519415133,.3439556591e-2
-.1838575056,.2853259188,.8848069930e-1
-.1999972388,.3157617057,.1691447872
-.2177321708,.3436390776,.2465060745
-.2368930498,.3692294824,.3213569906
-.2573598728,.3927253838,.3943133106
-.2790475758,.4142632078,.4658764127
-.3018974308,.4339371473,.5364729885
-.3258718078,.4518075517,.6064822791
-.1354257510,.789809542e-1,-.5229168211
-.1297052018,.1444767751,-.3688667404
-.1323603891,.1965393944,-.2467631401
-.1397542608,.2410020017,-.1412057743
-.1504085169,.2802355249,-.4600500981e-1
-.1635477051,.3154836573,.4207914661e-1
-.1787070705,.3474917825,.1250065951
-.1955847709,.3767440031,.2040815093
-.2139746663,.4035709287,.2802350524
-.2337318046,.4282050383,.3541709098
-.2547531562,.4508115732,.4264476834
-.2769662549,.4715067575,.4975293682
-.3003222989,.4903688577,.5678185873
-.1381107597,.747865041e-1,-.6530857512
-.1217485771,.1573496223,-.4557413817
-.1201041926,.2163079960,-.3175667069
-.1249049790,.2649294533,-.2031366089
-.1337227871,.3071083166,-.1022260502
-.1454385865,.3446393137,-.1015912766e-1
-.1594277945,.3785241635,.7567941017e-1
-.1753021145,.4093856293,.1569395906
-.1928035043,.4376375616,.2347531289
-.2117532704,.4635665540,.3099475764
-.2320249361,.4873754521,.3831611295
-.2535287187,.5092082534,.4549098097
-.2762022340,.5291650104,.5256298167
-.1728432678+.3381899436e-1*I,.219193364e-1+.5423969233e-1*I,-.9162978576+.1490708860*I
-.1218783606,.1599791132,-.5721928003
-.1126229816,.2311441763,-.4040069057
-.1136513329,.2858159531,-.2759197772
-.1200234060,.3319173425,-.1669246921
-.1299390049,.3723355445,-.6946879159e-1
-.1424984150,.4085135373,.2020547867e-1
-.1571770096,.4412927350,.1043025343
-.1736398141,.4712103747,.1842583618
-.1916604695,.4986294969,.2610816569
-.2110807045,.5238039392,.3355244287
-.2317881300,.5469139576,.4081765011
-.2537032891,.5680869831,.4795222806
-.1499354878+.7991930505e-1*I,.644737692e-1+.1281764464*I,-.9162978578+.3466013277*I
-.1448252773,.1289907138,-.7814073722
-.1125431232,.2370866558,-.5165577012
-.1072424173,.3019091220,-.3641658951
-.1101049728,.3536391569,-.2428153421
-.1176326724,.3978871255,-.1377020993
-.1283851095,.4369631895,-.4279660585e-1
-.1416020871,.4720865609,.4507772304e-1
-.1568263855,.5039905440,.1278501329
-.1737604014,.5331524444,.2068080136
-.1922006139,.5598986710,.2828725529
-.2120038127,.5844589073,.3567411747
-.2330682052,.6069964134,.4289684278
-.1283222416+.1112687077*I,.1082506512+.1784553497*I,-.9162978580+.4742965098*I
-.1536085632+.6844916746e-1*I,.1240169276+.1097803721*I,-.9162978577+.2983884563*I
-.1287650790,.2201825583,-.6926514458
-.1081909352,.3095009186,-.4776842104
-.1052978214,.3704620323,-.3347026632
-.1094096067,.4201885243,-.2178380019
-.1177606875,.4631159367,-.1154239672
-.1291244444,.5012115471,-.2233239868e-1
-.1428295829,.5355519944,.6424487343e-1
-.1584636506,.5667987836,.1460554473
-.1757545708,.5953882703,.2242860226
-.1945147634,.6216213049,.2997974769
-.2146117150,.6457104143,.3732491759
-.1081687510+.1387966377*I,.1534060040+.2226052864*I,-.9162978578+.5808529349*I
-.1334550722+.1055905193*I,.1691722801+.1693485390*I,-.9162978575+.4516464417*I
-.1587413940+.5942524464e-1*I,.1849385561+.9530759400e-1*I,-.9162978579+.2599736536*I
-.1241153839,.2967936291,-.6480244455
-.1082537400,.3785539747,-.4527595786
-.1067734099,.4372492282,-.3152122888
-.1116668334,.4857221136,-.2011072375
-.1205480756,.5277992382,-.1003994766
-.1323120284,.5652530054,-.8471539748e-2
-.1463402597,.5990752713,.7726646691e-1
-.1622476849,.6298836394,.1584516013
-.1797781466,.6580889459,.2362082372
-.1987541490,.6839758600,.3113594453
-.896968863e-1+.1649944000*I,.2001493443+.2646218689*I,-.9162978578+.6770510390*I
-.1149832075+.1365562251*I,.2159156203+.2190120605*I,-.9162978575+.5723875793*I
-.1402695294+.1028066337*I,.2316818964+.1648836780*I,-.9162978580+.4404612072*I
-.1655558513+.5466220007e-1*I,.2474481729+.8766851208e-1*I,-.9162978577+.2395417114*I
-.1268410746,.3658609035,-.6292139162
-.1127694769,.4447503333,-.4413569287
-.1119046569,.5024584187,-.3061543959
-.1171500590,.5503667914,-.1932792898
-.1262737962,.5920549973,-.9334326812e-1
-.1382225033,.6292124526,-.1945925900e-2
-.1524008243,.6627939995,.8340755525e-1
-.1684358144,.6933977768,.1643053707
-.1860784526,.7214231723,.2418440522
-.732153254e-1+.1910755091*I,.2487721605+.3064513601*I,-.9162978578+.7677021116*I
-.985016467e-1+.1656071952*I,.2645384368+.2656046844*I,-.9162978574+.6792394176*I
-.1237879688+.1372544602*I,.2803047130+.2201319061*I,-.9162978579+.5750298451*I
-.1490742907+.1036772954*I,.2960709893+.1662800656*I,-.9162978578+.4439650196*I
-.1743606127+.5618119933e-1*I,.3118372659+.9010471852e-1*I,-.9162978576+.2460687817*I
-.1368840766,.4282640797,-.6349211906
-.1222807904,.5080062409,-.4448687693
-.1212283762,.5660151977,-.3089531357
-.1263657621,.6140968071,-.1957014542
-.1354148344,.6559047637,-.9552840329e-1
-.1473065410,.6931536362,-.3967816582e-2
-.1614384934,.7268095492,.8150408919e-1
-.1774340355,.7574765952,.1624904457
-.591747100e-1+.2179206342*I,.2997000017+.3495061980*I,-.9162978580+.8557843946*I
-.844610314e-1+.1945190929*I,.3154662780+.3119742606*I,-.9162978574+.7792933991*I
-.1097473556+.1693608645*I,.3312325556+.2716249065*I,-.9162978578+.6925826324*I
-.1350336759+.1415121182*I,.3469988308+.2269604373*I,-.9162978579+.5910632679*I
-.1603199977+.1089284497*I,.3627651072+.1747019895*I,-.9162978576+.4649882112*I
-.1856063205+.6482503665e-1*I,.3785313840+.1039679064*I,-.9162978578+.2830089777*I
-.1564529028,.4816093860,-.6730512716
-.1380336392,.5674717000,-.4671264944
-.1357506350,.6274543047,-.3265003270
-.1401955054,.6766465876,-.2108162944
-.1487710992,.7192139194,-.1091279670
-.1603037053,.7570387259,-.1652970966e-1
-.1741448240,.7911610864,.6969244289e-1
-.482792074e-1+.2464247727*I,.3535978241+.3952218006*I,-.9162978578+.9437685468*I
-.735655304e-1+.2245656390*I,.3693641012+.3601636121*I,-.9162978578+.8767940623*I
-.988518521e-1+.2015724077*I,.3851303770+.3232865308*I,-.9162978582+.8027641744*I
-.1241381744+.1770036590*I,.4008966539+.2838825986*I,-.9162978579+.7194234529*I
-.1494244970+.1500876611*I,.4166629307+.2407140931*I,-.9162978577+.6229457831*I
-.1747108193+.1192454100*I,.4324292073+.1912485710*I,-.9162978578+.5057353527*I
-.1999971401+.8006110758e-1*I,.4481954831+.1284038727*I,-.9162978576+.3471927537*I
-.1952375741,.5121500569,-.7829727634
-.1627168354,.6206286459,-.5170958507
-.1573808980,.6855076159,-.3645650775
-.1602259339,.7372657505,-.2431509892
-.1677422957,.7815319042,-.1380001752
-.1784864016,.8206213265,-.4306967471e-1
-.417470711e-1+.2778155165*I,.4116160426+.4455670075*I,-.9162978585+1.034485606*I
-.670333921e-1+.2571706200*I,.4273823191+.4124562416*I,-.9162978575+.9755276564*I
-.923197158e-1+.2357735033*I,.4431485959+.3781390460*I,-.9162978583+.9115380234*I
-.1176060352+.2133980185*I,.4589148707+.3422527213*I,-.9162978583+.8413075928*I
-.1428923579+.1896982693*I,.4746811479+.3042425109*I,-.9162978578+.7630418059*I
-.1681786805+.1641015037*I,.4904474245+.2631898209*I,-.9162978581+.6738573189*I
-.1934650032+.1355371705*I,.5062137015+.2173776769*I,-.9162978578+.5685247791*I
-.2187513241+.1015307694*I,.5219799774+.1628374174*I,-.9162978576+.4353175459*I
-.2440376459+.5238148933e-1*I,.5377462536+.8401065492e-1*I,-.9162978577+.2297228403*I
-.2035690779,.6589717587,-.6211138211
-.1902355783,.7366774059,-.4362973879
-.1896380061,.7939568756,-.3021083379
-.1950384121,.8416166472,-.1897722689
-.1189145422,.676342155e-1,-.2557190150
-.1260009112,.1125900014,-.1491356833
-.1364308322,.1521833191,-.5325622411e-1
-.1493929152,.1877154986,.3530879928e-1
-.1644048212,.2199601226,.1185909428
-.1811548782,.2494170594,.1979333813
-.1994309032,.2764266153,.2742903675
-.2190839342,.3012276934,.3483800324
-.2400081132,.3239900769,.4207703340
-.2621288472,.3448333978,.4919313825
-.2853956402,.3638386412,.5622697097
-.3097777642,.3810550913,.6321524593
-.3352618182,.3965042414,.7019260117
-.1015623344,.891719062e-1,-.3122550168
-.1065714387,.1374592577,-.1985550985
-.1155321220,.1794089744,-.9810076852e-1
-.1273564826,.2167658588,-.6346781769e-2
-.1414337227,.2505095215,.7926528545e-1
-.1573827622,.2812511491,.1603563726
-.1749497902,.3093978095,.2380416796
-.1939588102,.3352317687,.3131386906
-.2142851892,.3589529175,.3862791909
-.2358404832,.3807031041,.4579750123
-.2585633412,.4005807239,.5286596341
-.2824139722,.4186495945,.5987164783
-.3073708832,.4349441876,.6684997741
-.876439694e-1,.1074839652,-.3797820644
-.898086000e-1,.1603333484,-.2558880665
-.968891117e-1,.2052985278,-.1492851202
-.1073147769,.2448986730,-.5339272823e-1
-.1202735079,.2804362269,.3518143463e-1
-.1352826287,.3126853181,.1184703124
-.1520302783,.3421461170,.1978178286
-.1703041565,.3691591135,.2741786731
-.1899552289,.3939633356,.3482712598
-.2108775796,.4167286506,.4206637192
-.2329965762,.4375747560,.4918262803
-.2562616932,.4565826883,.5621655504
-.2806421732,.4738017761,.6320487186
-.784502858e-1,.1206365306,-.4633594110
-.763807623e-1,.1802767527,-.3235543570
-.809437801e-1,.2292795460,-.2082874618
-.895995134e-1,.2717183500,-.1068570623
-.1011926128,.3094461366,-.1443470893e-1
-.1150825686,.3434901701,.7166057054e-1
-.1308727961,.3744865059,.1531122408
-.1483004165,.4028567502,.2310709354
-.1671836635,.4288924274,.3063757038
-.1873939670,.4527997407,.3796720570
-.2088400261,.4747251201,.4514807841
-.2314582893,.4947704912,.5222411921
-.2552071619,.5130025647,.5923403244
-.768860706e-1,.1241413529,-.5748895034
-.674216768e-1,.1956416385,-.4058589288
-.683603280e-1,.2504572765,-.2774381871
-.746775084e-1,.2966467051,-.1682561630
-.845539755e-1,.3371276661,-.7067918736e-1
-.970829425e-1,.3733544867,.1907983418e-1
-.1117364483,.4061739216,.1032389556
-.1281777022,.4361261241,.1832414264
-.1461792492,.4635758925,.2601001684
-.1655821031,.4887782127,.3345698120
-.1862733742,.5119141385,.4072418607
-.2081732378,.5331116953,.4786018295
-.2312270610,.5524585059,.5490661495
-.956396537e-1,.978628761e-1,-.7687683240
-.652401593e-1,.2029393648,-.5120114391
-.602349189e-1,.2672879547,-.3607837366
-.632452553e-1,.3187809777,-.2399684206
-.708688231e-1,.3628751922,-.1351724119
-.816917938e-1,.4018381266,-.4047840053e-1
-.949647622e-1,.4368717005,.4724543142e-1
-.1102358600,.4687006273,.1299065448
-.1272105049,.4977973656,.2087803722
-.1456870480,.5244853244,.2847809883
-.1655235265,.5489921854,.3586013431
-.1866190342,.5714797872,.4307930848
-.2089027040,.5920617878,.5018156584
-.1063725496+.6463801809e-1*I,.875232002e-1+.1036679617*I,-.9162978579+.2822135387*I
-.770120639e-1,.1909333017,-.6721072550
-.586931215e-1,.2766347196,-.4666021484
-.564399628e-1,.3365694567,-.3260908749
-.609013008e-1,.3857353296,-.2104650327
-.694880486e-1,.4282847719,-.1088126409
-.810290676e-1,.4660960870,-.1623887037e-1
-.948769741e-1,.5002075603,.6996562571e-1
-.1106316231,.5312609574,.1514986885
-.1280280659,.5596812058,.2295190634
-.1468832231,.5857619340,.3048707154
-.1670676326,.6097107755,.3782022802
-.1884893493,.6316751968,.4500365886
-.852251839e-1+.1011691733*I,.1317400209+.1622574810*I,-.9162978575+.4338577879*I
-.1105115062+.5172223770e-1*I,.1475062975+.8295333180e-1*I,-.9162978574+.2268805436*I
-.695583321e-1,.2695090233,-.6188721177
-.564257505e-1,.3468924330,-.4348818607
-.559023170e-1,.4040529982,-.3009734617
-.613459580e-1,.4516434283,-.1887874556
-.706072980e-1,.4931109456,-.8928685066e-1
-.826613161e-1,.5300994995,.1809953062e-2
-.969254520e-1,.5635434149,.8694513342e-1
-.1130335419,.5940299546,.1676796263
-.1307405732,.6219520734,.2450943534
-.1498761892,.6475829956,.3199858477
-.1703196262,.6711164044,.3929725024
-.656040835e-1+.1312174553*I,.1773981177+.2104496167*I,-.9162978580+.5520653606*I
-.908904042e-1+.9604902628e-1*I,.1931643934+.1540456698*I,-.9162978577+.4130950952*I
-.1161767260+.4159279935e-1*I,.2089306696+.6670750214e-1*I,-.9162978580+.1829938289*I
-.688796979e-1,.3411078178,-.5893788668
-.582620651e-1,.4144576925,-.4156719629
-.587184123e-1,.4700468625,-.2854511844
-.647430251e-1,.5167055185,-.1752691017
-.744118801e-1,.5575194517,-.7704712864e-1
-.867797863e-1,.5940045841,.1316227310e-1
-.1013008228,.6270364769,.9765078111e-1
-.1176284567,.6571709062,.1779005991
-.1355293743,.6847820644,.2549472749
-.1548407790,.7101310540,.3295594359
-.477558252e-1+.1591461794*I,.2247303403+.2552423561*I,-.9162978580+.6560239284*I
-.730421477e-1+.1298437962*I,.2404966173+.2082465102*I,-.9162978576+.5468025130*I
-.983284698e-1+.9427866974e-1*I,.2562628935+.1512063305*I,-.9162978580+.4058763356*I
-.1236147912+.3761216324e-1*I,.2720291696+.6032326510e-1*I,-.9162978578+.1656469622*I
-.743225157e-1,.4074063425,-.5800428003
-.644538571e-1,.4795549953,-.4093759593
-.652210172e-1,.5346456764,-.2803163753
-.714336715e-1,.5810027470,-.1707777736
-.812357809e-1,.6216029640,-.7297029396e-1
-.937069739e-1,.6579224428,.1694989018e-1
-.1083129113,.6908181692,.1012269692
-.1247133328,.7208358586,.1813180525
-.1426786944,.7483436632,.2582441333
-.320284423e-1+.1866634133*I,.2740653392+.2993751384*I,-.9162978574+.7527229932*I
-.573147639e-1+.1607741578*I,.2898316154+.2578533462*I,-.9162978573+.6619031570*I
-.826010865e-1+.1317216019*I,.3055978920+.2112581789*I,-.9162978576+.5539934012*I
-.1078874079+.9669530659e-1*I,.3213641678+.1550821891*I,-.9162978578+.4157252976*I
-.1331737296+.4297132792e-1*I,.3371304442+.6891841850e-1*I,-.9162978576+.1889887817*I
-.866285740e-1,.4681017161,-.5928893019
-.757236588e-1,.5419123484,-.4180134486
-.760631446e-1,.5976889395,-.2873549859
-.820175233e-1,.6444602378,-.1769319103
-.916367776e-1,.6853537237,-.7855518823e-1
-.1039663189,.7219003868,.1176199559e-1
-.1184558655,.7549827825,.9632921060e-1
-.1347565322,.7851604639,.1766380890
-.189402680e-1+.2148865990*I,.3258925853+.3446401418*I,-.9162978579+.8460884901*I
-.442265895e-1+.1912869236*I,.3416588616+.3067904321*I,-.9162978574+.7684162589*I
-.695129112e-1+.1658380987*I,.3574251376+.2659750124*I,-.9162978579+.6800632727*I
-.947992331e-1+.1375173209*I,.3731914139+.2205534882*I,-.9162978578+.5760236265*I
-.1200855562+.1040043395*I,.3889576912+.1668045867*I,-.9162978575+.4452798271*I
-.1453718774+.5674454448e-1*I,.4047239671+.9100822456e-1*I,-.9162978577+.2484868540*I
-.1083696351,.5203900957,-.6371047994
-.935603283e-1,.6004626786,-.4462005453
-.924363183e-1,.6585864612,-.3100124015
-.975326510e-1,.7067339128,-.1966173914
-.1065534029,.7485872898,-.9635429876e-1
-.1184235164,.7858707957,-.4731760075e-2
-.1325379181,.8195548584,.8078505982e-1
-.93251876e-2+.2449086726*I,.3809995307+.3927902443*I,-.9162978577+.9392269693*I
-.346115093e-1+.2229798137*I,.3967658074+.3576202288*I,-.9162978573+.8718081370*I
-.598978317e-1+.1998921901*I,.4125320833+.3205917588*I,-.9162978582+.7972059505*I
-.851841527e-1+.1751882678*I,.4282983594+.2809710319*I,-.9162978577+.7130876173*I
-.1104704754+.1480612070*I,.4440646363+.2374640190*I,-.9162978575+.6154614905*I
-.1357567963+.1168352023*I,.4598309119+.1873830239*I,-.9162978577+.4962833363*I
-.1610431185+.7665480074e-1*I,.4755971885+.1229407583*I,-.9162978574+.3329538639*I
-.1488942085,.5514029642,-.7499084140
-.1211635614,.6521990948,-.5045813788
-.1166329957,.7157863874,-.3552186524
-.1198839586,.7668934887,-.2352722941
-.1276645062,.8107359341,-.1309940952
-.1386033419,.8495130438,-.3664623768e-1
-.860545368e-1,.762727643e-1,-.1651891226
-.960210078e-1,.1166093749,-.6789039249e-1
-.1086200378,.1527238273,.2167377542e-1
-.1233313048,.1854506217,.1056901489
-.1398221898,.2153232253,.1855853295
-.1578677548,.2427023979,.2623625318
-.1773106558,.2678404884,.3367703719
-.1980391528,.2909167118,.4093964810
-.2199742688,.3120577301,.4807238396
-.2430620408,.3313500927,.5511672451
-.2672688108,.3488477788,.6210987348
-.2925785348,.3645765217,.6908668746
-.3189915588,.3785357690,.7608129335
-.658110597e-1,.1009885643,-.2125120198
-.743327040e-1,.1436424216,-.1106497242
-.858246528e-1,.1815324375,-.1793298832e-1
-.996329832e-1,.2157073839,.6837454116e-1
-.1153541722,.2468144435,.1499843515
-.1327213122,.2752816886,.2280628741
-.1515500822,.3014047385,.3034587304
-.1717101772,.3253925768,.3768235100
-.1931090432,.3473936451,.4486819668
-.2156821672,.3675114119,.5194759923
-.2393871682,.3858138471,.5895942406
-.2642002892,.4023390542,.6593937325
-.2901145512,.4170982270,.7292171323
-.481347805e-1,.1237931969,-.2674858434
-.548086506e-1,.1694105578,-.1595145068
-.649403959e-1,.2094820975,-.6272452383e-1
-.776684581e-1,.2453896047,.2648250017e-1
-.924863219e-1,.2779454380,.1102368557
-.1090689362,.3076709231,.1899349511
-.1271959527,.3349194615,.2665623475
-.1467130343,.3599385803,.3408566913
-.1675105408,.3829041233,.4133985459
-.1895110590,.4039402481,.4846662688
-.2126618580,.4231315271,.5550716813
-.2369303150,.4405302776,.6249850463
-.2623013210,.4561607370,.6947541163
-.336454155e-1,.1438103801,-.3323679883
-.378526345e-1,.1933838147,-.2158422833
-.462678274e-1,.2362084015,-.1136359467
-.576797075e-1,.2742268326,-.2068531802e-1
-.714235506e-1,.3085052048,.6579059627e-1
-.870902743e-1,.3396996167,.1475257576
-.1044097512,.3682433052,.2256992309
-.1231956271,.3944351493,.3011672705
-.1433162193,.4184863438,.3745863156
-.1646779790,.4405469247,.4464842772
-.1872156316,.4607215813,.5173051035
-.2108861768,.4790792780,.5874387381
-.2356653176,.4956589835,.6572429057
-.233853238e-1,.1595152646,-.4111326911
-.240662558e-1,.2147442395,-.2817513919
-.302265609e-1,.2611852674,-.1720339114
-.399915073e-1,.3018450883,-.7411101383e-1
-.524338629e-1,.3382108180,.1588978047e-1
-.670160774e-1,.3711445903,.1002258179
-.833961499e-1,.4011949178,.1803611826
-.1013434866,.4287316301,.2573209056
-.1206970570,.4540129923,.3318671142
-.1413425486,.4772223403,.4045961324
-.1631990844,.4984893880,.4759966301
-.1862112041,.5179030829,.5464870699
-.2103439989,.5355194134,.6164416945
-.194396275e-1,.1677475215,-.5121127834
-.144278425e-1,.2321066089,-.3608593198
-.174348892e-1,.2836049070,-.2400321043
-.250563180e-1,.3277025505,-.1352290295
-.358777137e-1,.3666680129,-.4053029755e-1
-.491494305e-1,.4017035938,.4719689305e-1
-.644194817e-1,.4335341987,.1298604905
-.813932175e-1,.4626323950,.2087361953
-.998689475e-1,.4893216579,.2847382388
-.1197046812,.5138297141,.3585596717
-.1407994922,.5363184334,.4307522063
-.1630824984,.5569014978,.5017753286
-.1865061689,.5756551382,.5720287946
-.279479695e-1,.1588919925,-.6610358933
-.107827151e-1,.2427430983,-.4603481639
-.88822821e-2,.3021121263,-.3211923482
-.135394712e-1,.3509638865,-.2062573063
-.222592688e-1,.3932999423,-.1050326773
-.339008115e-1,.4309500344,-.1275087042e-1
-.478299223e-1,.4649312706,.7324294916e-1
-.636533043e-1,.4958744305,.1546189689
-.811099971e-1,.5241980493,.2325203284
-.1000194493,.5501916978,.3077815172
-.1202539191,.5740602522,.3810451525
-.1417227053,.5959491813,.4528301348
-.1643627174,.6159596712,.5235745416
-.629586571e-1+.4544292614e-1*I,.1107133773+.7288242536e-1*I,-.9162978576+.1997203675*I
-.178447220e-1,.2393892288,-.5995601769
-.63851347e-2,.3140894526,-.4224230763
-.65026398e-2,.3702220648,-.2909315735
-.123243099e-1,.4172062051,-.1800521733
-.218500936e-1,.4582495985,-.8138317647e-1
-.341074587e-1,.4949120187,.9137293506e-2
-.485378321e-1,.5280893196,.9385283991e-1
-.647878658e-1,.5583482081,.1742729666
-.826201679e-1,.5860694136,.2514490026
-.1018692995,.6115182769,.3261593085
-.1224178889,.6348830395,.3990106285
-.1441828041,.6562970301,.4704984438
-.422971925e-1+.9049707986e-1*I,.1553890424+.1451413286*I,-.9162978573+.3903895177*I
-.675835145e-1+.2758703012e-1*I,.1711553189+.4424472272e-1*I,-.9162978571+.1217508439*I
-.143174212e-1,.3129057911,-.5613565302
-.58848029e-2,.3827512904,-.3964866427
-.72731679e-2,.4368456683,-.2697347502
-.138670734e-1,.4825912786,-.1614928267
-.239413830e-1,.5227549365,-.6452636631e-1
-.366245485e-1,.5587344497,.2480467202e-1
-.514052903e-1,.5913498186,.1086500634
-.679559405e-1,.6211265714,.1884166609
-.860545584e-1,.6484206538,.2650961244
-.1055457663,.6734812686,.3394299086
-.1263191943,.6964854300,.4120010268
-.232355918e-1+.1236093820*I,.2015754851+.1982476113*I,-.9162978573+.5227435719*I
-.485219136e-1+.8604923418e-1*I,.2173417615+.1380077699*I,-.9162978570+.3720595951*I
-.738082351e-1+.5178144676e-2*I,.2331080374+.8304829274e-2*I,-.9162978574+.2290739179e-1*I
-.163075194e-1,.3816500978,-.5413001748
-.93285025e-2,.4491642763,-.3822517251
-.113803461e-1,.5021945510,-.2579443377
-.183894525e-1,.5472742526,-.1511020372
-.287632834e-1,.5869575301,-.5505202476e-1
-.416812238e-1,.6225605063,.3363352562e-1
-.566564577e-1,.6548639441,.1170044348
-.733748252e-1,.6843717080,.1964137801
-.916226154e-1,.7114265447,.2728216365
-.1112498640,.7362689764,.3469497903
-.60490855e-2+.1534708401*I,.2495326101+.2461401148*I,-.9162978574+.6353720839*I
-.313354082e-1+.1232355024*I,.2652988870+.1976479747*I,-.9162978572+.5212917781*I
-.566217303e-1+.8554431936e-1*I,.2810651632+.1371979756*I,-.9162978576+.3699711250*I
-.745475619e-1,.3086363644,-.8837274688
-.239535573e-1,.4461012805,-.5391416948
-.171258555e-1,.5133727757,-.3806963588
-.192488099e-1,.5662890028,-.2566496779
-.263029086e-1,.6112965451,-.1499582389
-.367093892e-1,.6509274593,-.5400754199e-1
-.496530168e-1,.6864892343,.3460783159e-1
-.646495878e-1,.7187584534,.1179270692
-.813863906e-1,.7482366488,.1972974685
-.996506038e-1,.7752651465,.2736757137
.88676103e-2+.1825438060*I,.2996331542+.2927680161*I,-.9162978574+.7386066732*I
-.164187117e-1+.1562354341*I,.3153994308+.2505740355*I,-.9162978570+.6454623960*I
-.417050359e-1+.1264671146*I,.3311657082+.2028309098*I,-.9162978574+.5338068478*I
-.669913570e-1+.8986380338e-1*I,.3469319841+.1441256650*I,-.9162978574+.3877872243*I
-.922776799e-1+.2557783476e-1*I,.3626982611+.4102232829e-1*I,-.9162978573+.1129225379*I
-.383812988e-1,.5054596008,-.5583809677
-.301699086e-1,.5749502904,-.3944001887
-.316569753e-1,.6288863688,-.2680132992
-.383121236e-1,.6745337562,-.1599786548
-.484304107e-1,.7146268800,-.6314735300e-1
-.611479477e-1,.7505512674,.2608871914e-1
-.759571063e-1,.7831210633,.1098644056
-.925322223e-1,.8128585739,.1895785510
.209132446e-1+.2122571155*I,.3524448881+.3404229152*I,-.9162978575+.8376326837*I
-.43730786e-2+.1884793472*I,.3682111651+.3022875755*I,-.9162978573+.7589055350*I
-.296594006e-1+.1627666953*I,.3839774412+.2610490242*I,-.9162978577+.6690717671*I
-.549457222e-1+.1340100025*I,.3997437175+.2149283692*I,-.9162978576+.5627215467*I
-.802320438e-1+.9960680377e-1*I,.4155099938+.1597517163*I,-.9162978574+.4275405340*I
-.1055183666+.4880062120e-1*I,.4312762705+.7826757507e-1*I,-.9162978576+.2142628574*I
-.625305136e-1,.5565422619,-.6094430403
-.502275342e-1,.6325951385,-.4288570875
-.500166182e-1,.6892544809,-.2961292753
-.556436288e-1,.7365508156,-.1845783051
-.650329074e-1,.7778131422,-.8548088972e-1
-.771851480e-1,.8146441654,.5336872155e-2
-.915294926e-1,.8479594387,.9026903893e-1
-.563018449e-1,.808661399e-1,-.8440580094e-1
-.684817289e-1,.1176528278,.6333648903e-2
-.828486769e-1,.1509318493,.9120878738e-1
-.990445019e-1,.1812776774,.1717485353
-.1168289279,.2090756705,.2490154156
-.1360346479,.2345941573,.3237946641
-.1565430029,.2580234486,.3966974460
-.1782699139,.2794983910,.4682221240
-.2011574179,.2991119480,.5387934364
-.2251685199,.3169234509,.6087894318
-.2502841979,.3329634109,.6785615829
-.2765019369,.3472358579,.7484513355
-.3038355489,.3597186438,.8188053832
-.338590773e-1,.1076918624,-.1251861510
-.449576633e-1,.1462127612,-.3131305397e-1
-.584502512e-1,.1808941026,.5582475115e-1
-.739054173e-1,.2124278156,.1380517108
-.910401955e-1,.2412677291,.2165973945
-.1096601675,.2677256521,.2923484552
-.1296282145,.2920215022,.3659805728
-.1508468825,.3143115774,.4380341746
-.1732479195,.3347053401,.5089613745
-.1967859135,.3532756258,.5791572597
-.2214344795,.3700647510,.6489824015
-.2471841955,.3850878245,.7187806044
-.2740418975,.3983338858,.7888944752
-.135048239e-1,.1333092070,-.1718833679
-.232742283e-1,.1739618776,-.7397432373e-1
-.357200417e-1,.2103220604,.1601679666e-1
-.503051008e-1,.2432512726,.1003457642
-.666876123e-1,.2732976877,.1804758160
-.846371092e-1,.3008309357,.2574315039
-.1039926424,.3261091494,.3319746514
-.1246399567,.3493155739,.4047013913
-.1464982175,.3705798556,.4761002664
-.1695119965,.3899908890,.5465896578
-.1936464125,.4076046181,.6165437585
-.2188843245,.4234485366,.6863121499
-.2452250175,.4375237880,.7562361140
.43886692e-2,.1572224260,-.2257574918
-.37056014e-2,.2005617160,-.1225078535
-.148773513e-1,.2389652716,-.2885121239e-1
-.284284622e-1,.2735527527,.5813160224e-1
-.439328125e-1,.3050075843,.1402435379
-.611104679e-1,.3337787293,.2187022105
-.797689101e-1,.3601749546,.2943871051
-.997722942e-1,.3844141295,.3679693666
-.1210240815,.4066510867,.4399864786
-.1434567152,.4269941750,.5108886328
-.1670253436,.4455153281,.5810696998
-.1917040665,.4622560860,.6508895731
-.2174839118,.4772308387,.7206918232
.192700366e-1,.1786739180,-.2887599336
.133676687e-1,.2255286327,-.1781581653
.37850865e-2,.2664809338,-.7966687521e-1
-.85161184e-2,.3030730431,.1073003849e-1
-.229824234e-1,.3361927160,.9535545046e-1
-.392631953e-1,.3664023033,.1757079802
-.571226668e-1,.3940799359,.2528326809
-.763964476e-1,.4194892663,.3275040312
-.969678938e-1,.4428173705,.4003262946
-.1187544086,.4641967191,.4717933267
-.1416991856,.4837184200,.5423269463
-.1657661923,.5014402625,.6123034242
-.1909372594,.5173913872,.6820733521
.302521456e-1,.1963991094,-.3641815698
.273902776e-1,.2481302501,-.2428285165
.198630226e-1,.2923789316,-.1377138012
.91109130e-2,.3314555185,-.4280732972e-1
-.41058052e-2,.3665793060,.4506769742e-1
-.193298875e-1,.3984836379,.1278406268
-.362637150e-1,.4276458393,.2067988956
-.547037592e-1,.4543923351,.2828637304
-.745068049e-1,.4789528192,.3567325789
-.955710529e-1,.5014905554,.4289599945
-.1178249651,.5221202814,.5000073312
-.1412204833,.5409190722,.5702755268
-.1657289535,.5579328858,.6401284840
.356951026e-1,.2079662909,-.4584116011
.374875136e-1,.2671620725,-.3196699990
.327698906e-1,.3159169076,-.2049476274
.240088916e-1,.3581868823,-.1038551372
.123361551e-1,.3957869435,-.1166368417e-1
-.16181905e-2,.4297277081,.7426486866e-1
-.174629545e-1,.4606365773,.1555922102
-.349384036e-1,.4889301122,.2334566644
-.538647704e-1,.5148966346,.3086898093
-.741148434e-1,.5387401642,.3819323953
-.955983077e-1,.5606055520,.4537021129
-.1182523697,.5805935084,.5244362505
-.1420360543,.5987697498,.5945205935
.316086666e-1,.2072267725,-.5877974407
.420979026e-1,.2803707245,-.4146124615
.415889046e-1,.3358754511,-.2845886884
.355325656e-1,.3824832227,-.1745153550
.258412746e-1,.4232611721,-.7636329737e-1
.134559995e-1,.4597184494,.1379737481e-1
-.10793009e-2,.4927274647,.9825027996e-1
-.174191554e-1,.5228422933,.1784733773
-.353308881e-1,.5504361090,.2554997590
-.546521130e-1,.5757693470,.3300965206
-.752675773e-1,.5990268538,.4028631889
-.970957087e-1,.6203394564,.4742905210
-.1200805030,.6397969769,.5447983334
-.196998588e-1+.6858542186e-2*I,.1340500124+.1099989000e-1*I,-.9162978578+.3033923567e-1*I
.376871376e-1,.2824096861,-.5418408163
.447042066e-1,.3499848956,-.3826406049
.426701846e-1,.4030437525,-.2582678404
.356723386e-1,.4481415135,-.1513877590
.253066736e-1,.4878378874,-.5531288874e-1
.123951549e-1,.5234511624,.3339021623e-1
-.25747475e-2,.5557631531,.1167740542
-.192885087e-1,.5852783040,.1961931385
-.375321966e-1,.6123397204,.2726084015
-.571556991e-1,.6371881585,.3467421568
-.780523420e-1,.6599947039,.4191650595
-.1001469252,.6808799653,.4903489878
.4536333e-3+.7901910892e-1*I,.1792053641+.1267326908*I,-.9162978576+.3428441014*I
.76882253e-2,.2471294415,-.7719161653
.385494076e-1,.3529463961,-.5131768746
.436300226e-1,.4174158745,-.3616524352
.406575306e-1,.4689695932,-.2407001650
.330585536e-1,.5131032441,-.1358228620
.222536906e-1,.5520952235,-.4107460706e-1
.89951053e-2,.5871518635,.4668783985e-1
-.62639661e-2,.6190000791,.1293775209
-.232281665e-1,.6481135681,.2082729242
-.416953682e-1,.6748165094,.2842899500
-.615232879e-1,.6993370978,.3581226935
-.826107917e-1,.7218375362,.4303235458
.189254966e-1+.1159710390*I,.2259487052+.1859970587*I,-.9162978574+.4928843302*I
-.63608252e-2+.7541387070e-1*I,.2417149817+.1209505257*I,-.9162978572+.3277502228*I
.80722072e-2,.3211840854,-.7396523594
.344194466e-1,.4197614716,-.5002288830
.386765786e-1,.4829102308,-.3519374640
.352851976e-1,.5337921239,-.2324967064
.274125386e-1,.5774868392,-.1285213737
.164055059e-1,.6161545724,-.3437654973e-1
.29860180e-2,.6509531543,.5295554804e-1
-.124077927e-1,.6825852710,.1353265827
-.294891341e-1,.7115108852,.2139812062
-.480612027e-1,.7380456384,.2898151171
-.679852743e-1,.7624120159,.3635096911
.354070566e-1+.1479993060*I,.2745715218+.2373647405*I,-.9162978578+.6152323861*I
.101207353e-1+.1167613256*I,.2903377982+.1872645388*I,-.9162978574+.4959929646*I
-.151655872e-1+.7654913784e-1*I,.3061040747+.1227712935*I,-.9162978578+.3325111201*I
-.28152900e-2,.3822328395,-.7490048818
.247915966e-1,.4828304782,-.5042065975
.292984846e-1,.5463797987,-.3549367218
.260354146e-1,.5974674807,-.2350340043
.182469396e-1,.6412972124,-.1307818981
.73022406e-2,.6800649190,-.3645151633e-1
-.60675603e-2,.7149431889,.5101307892e-1
-.214197177e-1,.7466421104,.1334822904
-.384648161e-1,.7756258531,.2122111251
-.570044172e-1,.8022126782,.2881014729
.494476716e-1+.1787582648*I,.3254993632+.2866966765*I,-.9162978577+.7255237143*I
.241613496e-1+.1520404929*I,.3412656401+.2438460908*I,-.9162978574+.6301289719*I
-.11249723e-2+.1215535149*I,.3570319161+.1949503638*I,-.9162978578+.5147480578*I
-.264112947e-1+.8325474876e-1*I,.3727981928+.1335259088*I,-.9162978577+.3604815128*I
-.313162631e-1,.4212525599,-.8260030503
.82510382e-2,.5410325892,-.5296340210
.144235789e-1,.6072533237,-.3737934118
.119882208e-1,.6596685081,-.2508890396
.47353335e-2,.7043572288,-.1448622308
-.58158517e-2,.7437560617,-.4935032092e-1
-.188735577e-1,.7791348765,.3895452882e-1
-.339650157e-1,.8112519133,.1220448705
-.507838917e-1,.8405984771,.2012426841
-.289862270e-1,.824665033e-1,-.1073635794e-1
-.429620690e-1,.1163727934,.7513667548e-1
-.588250530e-1,.1472524373,.1564225908
-.763164940e-1,.1755203274,.2342556442
-.952572830e-1,.2014637159,.3094649195
-.1155206650,.2252859008,.3826895989
-.1370166520,.2471312052,.4544463382
-.1596827020,.2670999340,.5251717552
-.1834780480,.2852574716,.5952512182
-.2083803400,.3016396643,.6650399832
-.2343839170,.3162555903,.7348802344
-.2614993830,.3290882429,.8051164499
-.2897544070,.3400932459,.8761110578
-.47581972e-2,.1107737240,-.4649844950e-1
-.178853906e-1,.1460410938,.4161813648e-1
-.330347526e-1,.1780652623,.1245695316
-.499037833e-1,.2073313880,.2036625179
-.682859363e-1,.2341707309,.2798298053
-.880359913e-1,.2588162023,.3537760481
-.1090507253,.2814333495,.4260604766
-.1312575303,.3021386276,.4971474967
-.1546074903,.3210104870,.5674399950
-.1790712183,.3380960581,.6373029917
-.2046365383,.3534148711,.7070819818
-.2313075593,.3669603343,.7771187160
-.2591049883,.3786992389,.8477665096
.176879756e-1,.1383087740,-.8713656308e-1
.55783950e-2,.1752082143,.3802238225e-2
-.87310936e-2,.2085793920,.8882250701e-1
-.248778642e-1,.2390038942,.1694709669
-.426190029e-1,.2668713119,.2468203876
-.617855025e-1,.2924527013,.3216622945
-.822575298e-1,.3159402548,.3946118810
-.1039501452,.3374702009,.4661701477
-.1268047162,.3571365771,.5367635381
-.1507836922,.3749996052,.6067711427
-.1758675572,.3910905863,.6765449597
-.2020533302,.4054143023,.7464265092
-.2293543402,.4179493752,.8167621172
.381005986e-1,.1647548256,-.1334436654
.272295926e-1,.2036407235,-.3889334104e-1
.139184450e-1,.2386130640,.4872811981e-1
-.13845947e-2,.2703907616,.1313134804
-.183869896e-1,.2994429928,.2101300815
-.368883612e-1,.3260911311,.2860871770
-.567475941e-1,.3505614984,.3598746823
-.778643855e-1,.3730149658,.4320422777
-.1001683231,.3935644600,.5030481187
-.1236122540,.4122856061,.5732911175
-.1481682981,.4292231193,.6431340127
-.1738256572,.4443943178,.7129214000
-.2005897992,.4577904314,.7829954050
.561316476e-1,.1896629036,-.1865643044
.468026146e-1,.2310218514,-.8727723273e-1
.346966626e-1,.2679271132,.3671878577e-2
.203901386e-1,.3013030445,.8869964722e-1
.42458963e-2,.3317316030,.1693537245
-.134930115e-1,.3596025979,.2467074081
-.326574914e-1,.3851872284,.3215525544
-.531276479e-1,.4086777822,.3945045599
-.748184983e-1,.4302105601,.4660645646
-.976713738e-1,.4498796547,.5366590987
-.1216486967,.4677453342,.6066673088
-.1467309252,.4838389401,.6764412191
-.1729150538,.4981652932,.7463223550
.712769146e-1,.2123607610,-.2482336924
.639331606e-1,.2569037471,-.1425096338
.533155866e-1,.2961961033,-.4719826796e-1
.402054186e-1,.3314907795,.4096438480e-1
.250702516e-1,.3635377150,.1239497918
.82135215e-2,.3928235671,.2030684403
-.101576499e-1,.4196805231,.2792552442
-.298976571e-1,.4443421081,.3532162359
-.509030087e-1,.4669743052,.4255115407
-.731008896e-1,.4876938954,.4966061449
-.964422222e-1,.5065795911,.5669033082
-.1208974812,.5236787452,.6367682681
-.1464543630,.5390110920,.7065466078
.827517426e-1,.2317604499,-.3212850079
.780982376e-1,.2806181221,-.2063369861
.693809506e-1,.3229582021,-.1051043055
.577413066e-1,.3606113403,-.1281699386e-1
.438137316e-1,.3945950411,.7318080434e-1
.279916506e-1,.4255402872,.1545597883
.105360992e-1,.4538657359,.2324633944
-.83723241e-2,.4798610345,.3077262913
-.286058453e-1,.5037311113,.3809912096
-.500737389e-1,.5256214720,.4527771222
-.727128967e-1,.5456333319,.5235221550
-.964820856e-1,.5638328212,.5936126146
-.1213585494,.5802564380,.6634042577
.891850496e-1,.2458772980,-.4109259335
.884939496e-1,.3010899649,-.2815825892
.823274776e-1,.3475211047,-.1718861862
.725581566e-1,.3881739088,-.7397688397e-1
.601124086e-1,.4245341959,.1601441882e-1
.455274026e-1,.4574634925,.1003435162
.291449366e-1,.4875099816,.1804736694
.111954805e-1,.5150432941,.2574294316
-.81600161e-2,.5403215669,.3319726368
-.288072965e-1,.5635280465,.4046994203
-.506655244e-1,.5847923797,.4760983250
-.736792724e-1,.6042034628,.5465877355
-.978136586e-1,.6218172407,.6165418461
.876111606e-1,.2502270527,-.5290303719
.937427196e-1,.3163820602,-.3733523290
.912875746e-1,.3687655105,-.2505201373
.840220346e-1,.4134339379,-.1445355259
.734616146e-1,.4528179594,-.4905154140e-1
.603966156e-1,.4881850785,.3923351967e-1
.452990836e-1,.5202923741,.1223092608
.284749496e-1,.5496305048,.2014960614
.101328702e-1,.5765341197,.2777346939
-.95805299e-2,.6012383783,.3517348605
-.305610378e-1,.6239104185,.4240590607
-.527352985e-1,.6446678919,.4951738416
-.760538009e-1,.6635902033,.5654834511
.667201636e-1,.2270217647,-.7234328821
.909729856e-1,.3222400771,-.4929171703
.947782846e-1,.3846641728,-.3463911263
.911519586e-1,.4351692572,-.2277938201
.831243486e-1,.4786154592,-.1243263381
.720022406e-1,.5170986322,-.3052289938e-1
.584908476e-1,.5517498141,.5656504982e-1
.430198836e-1,.5832581904,.1387550183
.258713376e-1,.6120760220,.2172727228
.72390156e-2,.6385141384,.2930025072
-.127403730e-1,.6627917974,.3666185891
-.339696692e-1,.6850648266,.4386604503
-.563808448e-1,.7054423304,.5095795862
.430183006e-1+.6631786684e-1*I,.2031974778+.1063621423*I,-.9162978578+.2893520914*I
.704674166e-1,.3035420794,-.6808128412
.897234096e-1,.3907463609,-.4713831580
.922502826e-1,.4511200873,-.3298170427
.879393616e-1,.5005272002,-.2136590416
.794543066e-1,.5432397415,-.1116786053
.679899026e-1,.5811739324,-.1888149757e-1
.542037686e-1,.6153844794,.6748392351e-1
.385013346e-1,.6465216182,.1491368386
.211506126e-1,.6750151951,.2272480174
.23366220e-2,.7011619469,.3026686958
-.178098597e-1,.7251716190,.3760521339
-.391959361e-1,.7471932003,.4479241682
.608665576e-1+.1083026838*I,.2505297014+.1736983715*I,-.9162978577+.4624928335*I
.355802356e-1+.6383491466e-1*I,.2662959776+.1023799258*I,-.9162978575+.2787957564*I
.658144306e-1,.3711073542,-.6681215768
.837132196e-1,.4561349198,-.4643727788
.858399566e-1,.5158669008,-.3243478232
.813086846e-1,.5649206099,-.2089689292
.726745106e-1,.6073939898,-.1074692008
.610976966e-1,.6451478947,-.1499953690e-1
.472208936e-1,.6792130250,.7112988061e-1
.314417986e-1,.7102272150,.1526069940
.140239362e-1,.7386131088,.2305849711
-.48505181e-2,.7646628879,.3059043959
-.250527155e-1,.7885832029,.3792117570
.765939396e-1+.1427695675*I,.2998647006+.2289771640*I,-.9162978576+.5957727071*I
.513076176e-1+.1104616174*I,.3156309772+.1771609197*I,-.9162978574+.4710906236*I
.260212956e-1+.6721264388e-1*I,.3313972532+.1077972067*I,-.9162978578+.2931486386*I
.524025566e-1,.4300292046,-.6856685748
.721929886e-1,.5180906304,-.4739960275
.748709636e-1,.5787066991,-.3318464874
.706424966e-1,.6282460538,-.2153961797
.622130056e-1,.6710477086,-.1132361132
.507903826e-1,.7090489101,-.2031691110e-1
.370378946e-1,.7433134168,.6613639370e-1
.213638726e-1,.7744961244,.1478547295
.40380117e-2,.8030295739,.2260154582
-.147536073e-1,.8292122068,.3014738089
-.36809570e-2,.817389842e-1,.5745042381e-1
-.191707970e-1,.1132170863,.1395962484
-.363357990e-1,.1420085252,.2180805608
-.549828860e-1,.1684229620,.2937849520
-.749758370e-1,.1926788695,.3673819016
-.962178440e-1,.2149315117,.4394097588
-.1186411460,.2352895663,.5103192828
-.1422007260,.2538252322,.5805046994
-.1668705400,.2705802792,.6503261030
-.1926414820,.2855693090,.7201271304
-.2195207030,.2987808570,.7902505116
-.2475321400,.3101765295,.8610535033
-.2767183820,.3196880226,.9329251911
.220569386e-1,.1111162081,.2574265569e-1
.72554341e-2,.1436982797,.1095371055
-.93130910e-2,.1734463628,.1892653716
-.274275880e-1,.2007149792,.2659157005
-.469332620e-1,.2257523939,.3402274150
-.677201500e-1,.2487349657,.4127821550
-.897106020e-1,.2697872355,.4840589837
-.1128516960,.2889940792,.5544701754
-.1371106520,.3064080691,.6243862632
-.1624722150,.3220536725,.6941551213
-.1889374920,.3359291129,.7641180489
-.2165240370,.3480062364,.8346250269
-.2452671940,.3582283605,.9060510751
.462279676e-1,.1400187816,-.1015943319e-1
.322387666e-1,.1739036429,.7567912342e-1
.163644525e-1,.2047651180,.1569393161
-.11369320e-2,.2330170586,.2347528647
-.200866935e-1,.2589460589,.3099473208
-.403583552e-1,.2827549644,.3831608811
-.618621338e-1,.3045877727,.4549095666
-.845356448e-1,.3245445356,.5256295753
-.1083382498,.3426904322,.5957060210
-.1332477108,.3590611274,.6654940201
-.1592584718,.3736655302,.7353357240
-.1863812458,.3864864617,.8055756758
-.2146438188,.3974793587,.8765764741
.686495326e-1,.1682278498,-.5079201443e-1
.556270606e-1,.2036631734,.3760855136e-1
.405649316e-1,.2358272507,.1207694879
.237714396e-1,.2652145261,.2000205412
.54566944e-2,.2921619802,.2763080359
-.142317172e-1,.3169063151,.3503451439
-.351889030e-1,.3396157612,.4226966168
-.573409960e-1,.3604087869,.4938304660
-.806380793e-1,.3793654505,.5641518818
-.1050499138,.3965342501,.6340272245
-.1305635444,.4119359633,.7038025415
-.1571823194,.4255652200,.7738194181
-.1849261404,.4373901018,.8444302737
.890792306e-1,.1954484802,-.9689737599e-1
.772233306e-1,.2327547815,-.5234030821e-2
.631204786e-1,.2664573668,.8031236819e-1
.471496756e-1,.2971640901,.1613543928
.295635126e-1,.3252800627,.2390024837
.105372086e-1,.3510862995,.3140712195
-.98051401e-2,.3747818365,.3871905354
-.313754763e-1,.3965078976,.4588710504
-.541127500e-1,.4163623967,.5295454578
-.779774177e-1,.4344087559,.5995966955
-.1029482023,.4506810980,.6693787347
-.1290204548,.4651868801,.7392334621
-.1562058051,.4779074511,.8095060044
.1071861436,.2212675724,-.1495340939
.967675716e-1,.2608790946,-.5362014769e-1
.838144256e-1,.2964256059,.3496925238e-1
.688099466e-1,.3286821409,.1182693550
.520663086e-1,.3581493741,.1976253318
.337960056e-1,.3851681040,.2739926099
.141481984e-1,.4099775627,.3480900623
-.67711074e-2,.4327477621,.4204861207
-.288872119e-1,.4535985067,.4916512052
-.521495356e-1,.4726109189,.5619920496
-.765272760e-1,.4898343992,.6318759131
-.1020069666,.5052905461,.7016492250
-.1285914554,.5189747920,.7716534835
.1224990866,.2450763366,-.2102803613
.1139064776,.2876163791,-.1086468468
.1023610376,.3254206016,-.1608594690e-1
.885095626e-1,.3595263528,.7010927260e-1
.727518956e-1,.3905749097,.1516354226
.553528086e-1,.4189909180,.2296505602
.364952706e-1,.4450678263,.3049982292
.163086660e-1,.4690131484,.3783268046
-.51151135e-2,.4909742608,.4501589386
-.277120627e-1,.5110538158,.5209351517
-.514402169e-1,.5293191181,.5910432451
-.762761792e-1,.5458076911,.6608397764
-.1022133094,.5605301867,.7306672784
.1343033056,.2659122760,-.2816498113
.1281392896,.3123473525,-.1719450172
.1183717106,.3530029508,-.7403030167e-1
.1059273136,.3893654053,.1596478096e-1
.913434186e-1,.4222964852,.1002966441
.749619056e-1,.4523445025,.1804288718
.570132946e-1,.4798791688,.2573862108
.376585646e-1,.5051586717,.3319306111
.170119968e-1,.5283662938,.4046582849
-.48455574e-2,.5496317081,.4760578243
-.278586569e-1,.5690438313,.5465476445
-.519924090e-1,.5866586255,.6165019586
-.772296612e-1,.6025036009,.6862703594
.1414008046,.2820857580,-.3680795088
.1387107286,.3340924224,-.2461027635
.1312943986,.3785190073,-.1406200373
.1206236886,.4177261451,-.4546882485e-1
.1074714766,.4529533883,.4258014017e-1
.923012456e-1,.4849440885,.1254815986
.754141276e-1,.5141812034,.2045368963
.570158206e-1,.5409946382,.2806755223
.372509846e-1,.5656164021,.3546001084
.162224414e-1,.5882114041,.4268685763
-.59974972e-2,.6088956183,.4979444742
-.293601558e-1,.6277471106,.5682301403
-.538363528e-1,.6448126844,.6380902832
.1413999296,.2900566981,-.4789254326
.1443659386,.3511347231,-.3356616265
.1402934976,.4009243166,-.2186570627
.1319687996,.4438940399,-.1161574582
.1206248226,.4820213757,-.2300787428e-1
.1069355816,.5163873208,.6361109664e-1
.913149216e-1,.5476556103,.1454526781
.740357186e-1,.5762638916,.2237067351
.552860616e-1,.6025138238,.2992360424
.351988046e-1,.6266184826,.3727011727
.138683422e-1,.6487292576,.4446327271
-.86394069e-2,.6689518736,.5154764090
-.322809176e-1,.6873561370,.5856232651
.1272140116,.2788433192,-.6435411632
.1426390946,.3599034968,-.4500871988
.1439734976,.4183647131,-.3130971068
.1389972576,.4667047724,-.1992821843
.1300591686,.5086907262,-.9875583440e-1
.1182520006,.5460751846,-.6952384919e-2
.1041887156,.5798412293,.7869550650e-1
.882515296e-1,.6106018669,.1598133498
.706949196e-1,.6387652355,.2375189497
.516953086e-1,.6646142858,.3126313815
.313776206e-1,.6883493735,.3857834372
.98305126e-2,.7101126878,.4574876117
-.128845023e-1,.7300028867,.5281778145
.853867906e-1+.5149831184e-1*I,.2273748463+.8259419431e-1*I,-.9162978574+.2259146987*I
.1265023726,.3496380453,-.6181205028
.1395679086,.4269139276,-.4344057876
.1400664696,.4840345992,-.3005915002
.1346083006,.5316017310,-.1884558849
.1253368476,.5730530276,-.8898721150e-1
.1132750756,.6100291470,.2087522090e-2
.990046136e-1,.6434629181,.8720665796e-1
.828911316e-1,.6739408067,.1679291352
.651793456e-1,.7018553023,.2453347488
.460394266e-1,.7274793219,.3202193197
.255920066e-1,.7510063416,.3932007966
.39226112e-2,.7725735298,.4647819797
.1025732966+.1006072618*I,.2753319717+.1613562743*I,-.9162978573+.4315876323*I
.772869736e-1+.5068561140e-1*I,.2910982486+.8129076646e-1*I,-.9162978571+.2224075950*I
.1189827946,.4142920464,-.6154337659
.1318099786,.4911856541,-.4326980452
.1322195676,.5481636337,-.2992201720
.1267093386,.5956472686,-.1872650334
.1174016126,.6370403909,-.8791079595e-1
.1053120166,.6739718850,.3084793709e-2
.910188476e-1,.7073692345,.8814637156e-1
.748859986e-1,.7378160652,.1688257652
.571571386e-1,.7657031748,.2461986677
.380017586e-1,.7913023995,.3210584059
.175400269e-1,.8148064659,.3940213175
.199075376e-1,.791383274e-1,.1212468360
.31045410e-2,.1085103596,.2004779411
-.152186810e-1,.1354442177,.2767502643
-.349148410e-1,.1601761262,.3507759026
-.558792580e-1,.1828739754,.4231189062
-.780382230e-1,.2036559798,.4942468298
-.1013419450,.2226019951,.5645645724
-.1257602940,.2397603476,.6344383243
-.1512804110,.2551516581,.7042140612
-.1779057400,.2687704032,.7742333880
-.2056562840,.2805845029,.8448488332
-.2345701410,.2905328530,.9164405310
-.2647066100,.2985203508,.9894366322
.469586656e-1,.1092955013,.9294166882e-1
.307272956e-1,.1395843215,.1734029169
.129114830e-1,.1673319735,.2506101884
-.63226950e-2,.1928048217,.3253441964
-.268574210e-1,.2161918180,.3982132027
-.486092390e-1,.2376268142,.4697136795
-.715206700e-1,.2572019960,.5402691361
-.955551230e-1,.2749760493,.6102568740
-.1206939310,.2909789123,.6800279920
-.1469349210,.3052140687,.7499238908
-.1742922540,.3176588090,.8202915377
-.2027974950,.3282625064,.8914994384
-.2325021290,.3369425922,.9639564451
.726029386e-1,.1391948886,.6091441719e-1
.570394286e-1,.1705548380,.1428885478
.398101486e-1,.1992431870,.2212429436
.211053536e-1,.2255650701,.2968485429
.10593630e-2,.2497359112,.3703710907
-.202323789e-1,.2719087875,.4423445545
-.427031499e-1,.2921907113,.5132168336
-.663087719e-1,.3106525334,.5833803522
-.910239279e-1,.3273348580,.6531942004
-.1168401879,.3422512076,.7230016795
-.1437653709,.3553890402,.7931458066
-.1718241359,.3667088070,.8639847834
-.2010599019,.3761408749,.9359094329
.967018506e-1,.1686767749,.2478598887e-1
.819215226e-1,.2012928082,.1086323983
.653712286e-1,.2310701318,.1883997590
.472729266e-1,.2583647220,.2650798049
.277820066e-1,.2834257991,.3394140297
.70088472e-2,.3064303905,.4119854743
-.149685901e-1,.3275035335,.4832741152
-.380971391e-1,.3467304963,.5536928154
-.623438146e-1,.3641641821,.6236124598
-.876931755e-1,.3798293557,.6933810808
-.1141461485,.3937245283,.7633399678
-.1417201025,.4058218466,.8338389195
-.1704501705,.4160649648,.9052525805
.1190760296,.1975337240,-.1595577192e-1
.1052215186,.2316346047,.7023155260e-1
.894612826e-1,.2626790418,.1517518199
.720599456e-1,.2910914408,.2297624995
.532003796e-1,.3171650985,.3051067816
.330119066e-1,.3411074239,.3784328112
.115863718e-1,.3630657195,.4502630949
-.110122573e-1,.3831425806,.5210380581
-.347420440e-1,.4014052644,.5911454409
-.595796176e-1,.4178912539,.6609417699
-.855183606e-1,.4326111621,.7307695659
-.1125679111,.4455495306,.8009727509
-.1407548915,.4566636641,.8719122357
.1394893466,.2254882956,-.6201459618e-1
.1267436276,.2613674836,.2714372859e-1
.1119111546,.2938998880,.1108623211
.953159546e-1,.3236051881,.1905334988
.771777536e-1,.3508357869,.2671404318
.576504786e-1,.3758385563,.3414192781
.368434826e-1,.3987888801,.4139496408
.148339654e-1,.4198105731,.4852092466
-.83255089e-2,.4389879376,.5556095142
-.326024622e-1,.4563730627,.6255204665
-.579819109e-1,.4719899802,.6952897467
-.844652260e-1,.4858364908,.7652586745
-.1120702367,.4978840005,.8357775010
.1576227476,.2521554750,-.1143844040
.1462309946,.2902061858,-.2137486176e-1
.1325033446,.3245105302,.6514343489e-1
.1168502866,.3557268593,.1469101285
.995427616e-1,.3842897168,.2251074834
.807676366e-1,.4104988024,.3005936767
.606569416e-1,.4345658699,.3740263758
.393044746e-1,.4566413555,.4459342871
.167757034e-1,.4768302552,.5167618758
-.68862177e-2,.4952017833,.5868994130
-.316568561e-1,.5117951252,.6567048006
-.575286025e-1,.5266224832,.7265209619
-.845101012e-1,.5396699963,.7966913036
.1730281166,.2769747958,-.1745275236
.1633371876,.3177533264,-.7637433655e-1
.1509521926,.3542110529,.1378712085e-1
.1364171226,.3872204371,.9824059950e-1
.1200774656,.4173355827,.1784641294
.1021659076,.4449296779,.2554908370
.828448406e-1,.4702631702,.3300878475
.622295236e-1,.4935209135,.4028547022
.404015306e-1,.5148337395,.4742821670
.174168711e-1,.5342914741,.5447900637
-.66890910e-2,.5519508392,.6147534557
-.318987791e-1,.5678400224,.6845223426
-.582110655e-1,.5819608335,.7544380281
.1850390436,.2990758401,-.2447284442
.1775760666,.3434276136,-.1394005959
.1668711546,.3825798953,-.4435231154e-1
.1536918526,.4177636921,.4362353724e-1
.1384990146,.4497181348,.1264709802
.1215922936,.4789238093,.2054855035
.1031764736,.5057091576,.2815931228
.833956086e-1,.5303052137,.3554942835
.623520896e-1,.5528761963,.4277454939
.401179026e-1,.5735375589,.4988093758
.167414654e-1,.5923669523,.5690876807
-.77482625e-2,.6094108243,.6389447742
-.333394929e-1,.6246880816,.7087258882
.1925732016,.3169736997,-.3288979171
.1882250606,.3663211200,-.2128717237
.1797148826,.4089933663,-.1109724214
.1682315686,.4468972288,-.1823050348e-1
.1544301976,.4810833371,.6809516908e-1
.1387148896,.5121998287,.1497184891
.1213528986,.5406753324,.2278072490
.1025287636,.5668058160,.3032108848
.823729386e-1,.5908005028,.3765815121
.609780846e-1,.6128080058,.4484442240
.384087966e-1,.6329319248,.5192411307
.147075225e-1,.6512403376,.5893610270
-.101019221e-1,.6677714410,.6591610098
.1935907236,.3277186763,-.4348329367
.1941115996,.3848751388,-.3009342174
.1886664656,.4324631747,-.1887533901
.1794040866,.4739290236,-.8925607044e-1
.1673492716,.5109163008,.1838467361e-2
.1530844856,.5443591735,.8697199770e-1
.1369758416,.5748448245,.1677052560
.1192683216,.6027661609,.2451190491
.1001322636,.6283963739,.3200098317
.796884176e-1,.6519291262,.3929959539
.580223946e-1,.6735017224,.4645804758
.351933496e-1,.6932090374,.5351911791
.112392649e-1,.7111119863,.6052079761
.1828679806,.3233540037,-.5837271581
.1930296306,.3959725630,-.4118723796
.1923851196,.4512599504,-.2823550942
.1862468836,.4977363753,-.1725621370
.1764975896,.5384213001,-.7459058571e-1
.1640673726,.5748064955,.1544416630e-1
.1494951386,.6077562767,.9980504077e-1
.1331236256,.6378203312,.1799590511
.1151838676,.6653691998,.2569329428
.958371846e-1,.6906616076,.3314898945
.751980876e-1,.7138812118,.4042269123
.533476026e-1,.7351579626,.4756331076
.303413036e-1,.7545809940,.5461272319
.1275478796+.3172736117e-1*I,.2517480664+.5088508224e-1*I,-.9162978573+.1399127822*I
.1793451796,.3911428569,-.5682779924
.1883001836,.4618261672,-.4013043998
.1871416816,.5162892038,-.2737006804
.1806896936,.5622624262,-.1649773403
.1707170246,.6025890970,-.6769773956e-1
.1581131666,.6386958035,.2185302066e-1
.1433979136,.6714162078,.1058595680
.1269036036,.7012833167,.1857473587
.1088549986,.7286576149,.2625189473
.894093306e-1,.7537912684,.3369225313
.686782626e-1,.7768633658,.4095454772
.467407096e-1,.7980004762,.4808705947
.419925416e-1,.749934615e-1,.1814254150
.240251596e-1,.1024980237,.2583477255
.46533700e-2,.1277501654,.3328655638
-.160090420e-1,.1509323769,.4055734662
-.378815880e-1,.1721737465,.4769589312
-.609091150e-1,.1915627307,.5474396654
-.850569700e-1,.2091549076,.6173894561
-.1103082140,.2249774436,.6871576922
-.1366623300,.2390311666,.7570856458
-.1641351850,.2512906293,.8275217237
-.1927602390,.2617021701,.8988376224
-.2225912190,.2701796175,.9714475626
-.2537068020,.2765967902,1.045833640
.702092316e-1,.1057145556,.1560616516
.527247406e-1,.1339935901,.2339083441
.337902196e-1,.1599470328,.3091279877
.135326220e-1,.1837784951,.3823604455
-.79579220e-2,.2056325291,.4541228217
-.306187610e-1,.2256096155,.5248520237
-.544090380e-1,.2437752835,.5949336034
-.793063240e-1,.2601655054,.6647229115
-.1053048830,.2747894783,.7345621570
-.1324152460,.2876303152,.8047957733
-.1606650000,.2986437704,.8757860675
-.1901009550,.3077547658,.9479311888
-.2207931030,.3148510557,1.021688111
.971432396e-1,.1363441362,.1273150932
.802198086e-1,.1655230115,.2062949215
.617890566e-1,.1922844108,.2823761527
.419945206e-1,.2168585416,.3562573833
.209382256e-1,.2394090339,.4284939164
-.13081170e-2,.2600508991,.4995475889
-.246963140e-1,.2788614337,.5698196527
-.491975910e-1,.2958867827,.6396741854
-.748003340e-1,.3111455760,.7094563032
-.1015092040,.3246303362,.7795078961
-.1293454920,.3363069173,.8501829522
-.1583487570,.3461118727,.9218644395
-.1885800700,.3539472585,.9949851018
.1226864386,.1667606535,.9491046617e-1
.1064147646,.1969848323,.1752829838
.885633356e-1,.2246753641,.2524228666
.692968526e-1,.2500963995,.3271057366
.487321756e-1,.2734353585,.3999365898
.269520566e-1,.2948249663,.4714097645
.40134290e-2,.3143565287,.5419473878
-.200475737e-1,.3320880005,.6119259202
-.452126903e-1,.3480486690,.6816960461
-.714801363e-1,.3622413963,.7515991210
-.988644683e-1,.3746428342,.8219824350
-.1273976943,.3852016495,.8932152218
-.1571318183,.3938344373,.9657075680
.1467007816,.1968107706,.5848029354e-1
.1311890086,.2282536960,.1405749026
.1140048786,.2570144577,.2190204702
.953406256e-1,.2834013616,.2946953947
.753319016e-1,.3076319727,.3682701499
.540751076e-1,.3298609008,.4402817707
.316376966e-1,.3501963270,.5111801605
.80644354e-2,.3687100496,.5813590093
-.166188495e-1,.3854434911,.6511781082
-.424032532e-1,.4004109324,.7209809921
-.692961233e-1,.4136005894,.7911104737
-.973216122e-1,.4249737252,.8619240867
-.1265225542,.4344616423,.9338114289
.1690086326,.2262964372,.1753067374e-1
.1543897126,.2591713412,.1017755232
.1379781486,.2891711633,.1818423999
.1200029176,.3166631357,.2587500817
.1006239926,.3419038332,.3332568298
.799549526e-1,.3650754144,.4059564792
.580761336e-1,.3863067234,.4773360721
.350425696e-1,.4056860247,.5478130206
.108888125e-1,.4232687357,.6177609345
-.143682875e-1,.4390818789,.6875291174
-.407283007e-1,.4531261442,.7574588399
-.682071824e-1,.4653759406,.8278985862
-.968384926e-1,.4757774479,.8992202281
.1893777606,.2549543792,-.2861290121e-1
.1758209956,.2895327903,.5835496173e-1
.1603118896,.3209799956,.1404557988
.1431300866,.3497444885,.2189060745
.1244679226,.3761347431,.2945845826
.1044611166,.4003684320,.3681620343
.832061226e-1,.4226002460,.4401756280
.607704296e-1,.4429384263,.5110753704
.371988326e-1,.4614548197,.5812550157
.125171879e-1,.4781908911,.6510743926
-.132655770e-1,.4931609606,.7208770474
-.401567854e-1,.5063532826,.7910057835
-.681805642e-1,.5177291626,.8618181019
.2074969496,.2824218831,-.8089575727e-1
.1952271226,.3190643168,.9589565047e-2
.1807865396,.3522252420,.9427947770e-1
.1645277736,.3824701239,.1746803819
.1466877546,.4101789530,.2518418213
.1274316226,.4356165891,.3265410491
.1068765426,.4589709427,.3993841067
.851054946e-1,.4803750973,.4708660078
.621755846e-1,.4999206421,.5414093264
.381230936e-1,.5176657647,.6113907882
.129664120e-1,.5336399618,.6811612109
-.132925502e-1,.5478462944,.7510619626
-.406682241e-1,.5602616196,.8214402309
.2229337946,.3081759490,-.1406942164
.2122651676,.3473864257,-.4553673547e-1
.1991146036,.3826163146,.4251668574e-1
.1839457496,.4146092212,.1254214343
.1670598236,.4438482489,.2044792145
.1486625816,.4706633927,.2806197301
.1288987206,.4952867199,.3545457424
.1078710886,.5178831827,.4268152617
.856520166e-1,.5385687865,.4978918921
.622901956e-1,.5574216223,.5681780073
.378148206e-1,.5744885155,.6380383369
.122378968e-1,.5897887164,.7078182543
-.144448595e-1,.6033153590,.7778595531
.2350550936,.3314153281,-.2101261241
.2264575906,.3739475220,-.1085083693
.2149084576,.4117458231,-.1595821200e-1
.2010540036,.4458467954,.7022926147e-1
.1852938166,.4768913092,.1517496374
.1678925216,.5053037759,.2297604011
.1490329936,.5313774947,.3051047469
.1288445556,.5553198764,.3784308248
.1074190526,.5772782250,.4502611436
.848204556e-1,.5973551364,.5210361299
.610906996e-1,.6156178693,.5911435260
.362531566e-1,.6321039070,.6609398580
.103144434e-1,.6468238639,.7307676488
.2428569556,.3508021313,-.2927325315
.2371024906,.3978940557,-.1816215731
.2276239136,.4390131653,-.8280461910e-1
.2154029426,.4757339540,.7818609475e-2
.2010023726,.5089590535,.9260906939e-1
.1847778206,.5392588077,.1730853559
.1669680286,.5670161167,.2503040458
.1477393116,.5924977219,.3250467199
.1272096466,.6158928354,.3979221955
.1054626086,.6373354987,.4694273046
.825557716e-1,.6569180472,.5399857929
.585258016e-1,.6746992904,.6099751041
.333914346e-1,.6907092768,.6797464092
.2445262306,.3637795344,-.3952867983
.2430810436,.4177827792,-.2687450947
.2364519036,.4634718803,-.1606224566
.2263523006,.5035949726,-.6373375308e-1
.2136493716,.5395427862,.2554265520e-1
.1988522926,.5721319545,.1093479567
.1822875776,.6018861485,.1890843874
.1641764656,.6291601941,.2657409236
.1446738766,.6542025556,.3400573404
.1238898576,.6771897306,.4126155684
.1019021266,.6982463646,.4838948630
.787636566e-1,.7174574149,.5543076206
.545072676e-1,.7348755234,.6242244495
.2358469076,.3640487460,-.5345433978
.2423554576,.4308083802,-.3773682697
.2400812386,.4834820045,-.2538753141
.2329311166,.5283355414,-.1475053152
.2224548296,.5678544976,-.5176657752e-1
.2094562146,.6033280869,.3669890241e-1
.1944139356,.6355239963,.1199076886
.1776376146,.6649388107,.1991948260
.1593381796,.6919108209,.2755097611
.1396637606,.7166775966,.3495676185
.1187196306,.7394079817,.4219344166
.965799436e-1,.7602209043,.4930789947
.732948436e-1,.7791967887,.5634070720
.627354136e-1,.695527600e-1,.2385549962
.437171576e-1,.953719067e-1,.3136368925
.233822456e-1,.1190793703,.3867660645
.18189150e-2,.1408166671,.4584537011
-.209116440e-1,.1606819345,.5291328588
-.447697740e-1,.1787387786,.5991867009
-.697340970e-1,.1950214850,.6689693187
-.957998680e-1,.2095376633,.7388226238
-.1229786190,.2222688178,.8090916780
-.1512990300,.2331689495,.8801404187
-.1808091920,.2421609341,.9523698587
-.2115806790,.2491299739,1.026241452
-.2437153410,.2539127225,1.102309926
.920024826e-1,.1006696757,.2157959105
.733971756e-1,.1271511193,.2915722813
.534425946e-1,.1514685659,.3652234747
.322365426e-1,.1737788749,.4372910492
.98475380e-2,.1941919351,.5082278575
-.136787940e-1,.2127809250,.5784294513
-.383158810e-1,.2295884582,.6482566651
-.640541340e-1,.2446299171,.7180533959
-.909002170e-1,.2578946129,.7881621831
-.1188775500,.2693449822,.8589396163
-.1480281280,.2789136745,.9307735552
-.1784159900,.2864979817,1.004104613
-.2101330730,.2919504534,1.079455590
.1200861976,.1318278840,.1899033253
.1019597726,.1590773699,.2665318023
.824432296e-1,.1840973526,.3408269652
.616462246e-1,.2070637000,.4133694280
.396461816e-1,.2281005874,.4846375807
.164958420e-1,.2472926017,.5550432654
-.77721670e-2,.2646920721,.6249567586
-.331427260e-1,.2803232469,.6947258176
-.596170760e-1,.2941841369,.7646917522
-.872129080e-1,.3062463669,.8352046776
-.1159657200,.3164530054,.9066398911
-.1459316760,.3247139756,.9794176055
-.1771925520,.3308981232,1.054029194
.1469006086,.1629316515,.1606747897
.1293274746,.1910685177,.2383482106
.1103129386,.2168936307,.3134361921
.899814636e-1,.2406066070,.3865699254
.684213706e-1,.2623490962,.4582608572
.456939136e-1,.2822193398,.5289422143
.218388046e-1,.3002810288,.5989972642
-.31225320e-2,.3165685240,.6687801531
-.291853080e-1,.3310895056,.7386328052
-.563610110e-1,.3438255494,.8089002516
-.846782710e-1,.3547307354,.8799463587
-.1141851210,.3637280303,.9521720053
-.1449530670,.3707027512,1.026038448
.1723366776,.1938631234,.1278403485
.1554028546,.2230253340,.2067986297
.1369628156,.2497718377,.2828634735
.1171597746,.2743323285,.3567323268
.960955306e-1,.2968700719,.4289597487
.738416226e-1,.3174998041,.5000070882
.504461086e-1,.3362986015,.5702752871
.259376416e-1,.3533124210,.6401282443
.3277322e-3,.3685597199,.7099110063
-.263883888e-1,.3820328514,.7799654908
-.542321233e-1,.3936974897,.8506458181
-.832431588e-1,.4034899836,.9223352060
-.1134827188,.4113121405,.9954668047
.1962559956,.2244743250,.9104112591e-1
.1800636136,.2548256734,.1715884865
.1622822266,.2826285403,.2488611482
.1430792606,.3081514452,.3236447873
.1225734576,.3315848289,.3965508455
.1008489566,.3530636362,.4680778738
.779637676e-1,.3726809054,.5386507283
.539549236e-1,.3904960303,.6086475306
.288414826e-1,.4065395775,.6784197893
.26259911e-2,.4208156297,.7483089556
-.247053275e-1,.4333020934,.8186616971
-.531836150e-1,.4439490201,.8898458241
-.828598552e-1,.4526746434,.9622690120
.2184814296,.2545749968,.4979682490e-1
.2031554016,.2863158230,.1323277693
.1861330236,.3153360065,.2111032583
.1676137666,.3419554597,.2870290865
.1477381366,.3663995303,.3607929985
.1266060046,.3888283928,.4329432580
.1042874536,.4093544505,.5039371038
.808293746e-1,.4280529055,.5741728604
.562594216e-1,.4449681115,.6440129341
.305881856e-1,.4601170541,.7138017942
.38099935e-2,.4734906339,.7838816311
-.240975198e-1,.4850529823,.8546077155
-.531751380e-1,.4947386895,.9263654499
.2387826966,.2839134458,.3454709447e-2
.2244811106,.3172972991,.8849498095e-1
.2083410836,.3477326145,.1691584161
.1906058916,.3756095700,.2465192063
.1714447786,.4011995987,.3213697475
.1509777376,.4246951513,.3943257863
.1292898286,.4462326462,.4658886864
.1064397766,.4659062697,.5364851290
.824652076e-1,.4837763658,.6064943487
.573857056e-1,.4998743439,.6762684162
.312043156e-1,.5142050895,.7461488641
.39077746e-2,.5267473295,.8164819667
-.245344958e-1,.5374520214,.8876346259
.2568532066,.3121448599,-.4889444216e-1
.2437843736,.3475058302,.3938021767e-1
.2286836496,.3796080049,.1224482853
.2118567506,.4089417019,.2016292980
.1935122056,.4358413607,.2778635289
.1737965496,.4605420018,.3518603679
.1528139356,.4832106658,.4241821149
.1306376736,.5039649289,.4952951798
.1073172366,.5228841379,.5656037294
.828824876e-1,.5400161858,.6354735270
.573460366e-1,.5553812994,.7052503729
.307042006e-1,.5689735694,.7752759212
.29367211e-2,.5807605083,.8459029824
.2722705676,.3387756385,-.1085635204
.2607229046,.3765762983,-.1600908372e-1
.2468696376,.4106791731,.7018147257e-1
.2311104546,.4417252970,.1517041475
.2137100386,.4701391742,.2297166532
.1948513026,.4962141636,.3050623234
.1746635956,.5201577163,.3783893956
.1532387786,.5421171654,.4502204365
.1306408376,.5621951300,.5209959126
.1069117196,.5804588861,.5911035856
.820748056e-1,.5969459337,.6608999975
.561367236e-1,.6116669016,.7307276723
.290878446e-1,.6246063471,.8009305282
.2844235916,.3630572916,-.1775490535
.2748227836,.4039803613,-.7911472150e-1
.2625074986,.4405498892,.1124256341e-1
.2480296466,.4736510420,.9583905043e-1
.2317389916,.5038447799,.1761698875
.2138707826,.5315083980,.2532781088
.1945890716,.5569050104,.3279369566
.1740102706,.5802213182,.4007498962
.1522168036,.6015895174,.4722102666
.1292653436,.6211004995,.5427395452
.1051918106,.6388118751,.6127138015
.800142756e-1,.6547526248,.6824835254
.537343376e-1,.6689253178,.7523900570
.2923610396,.3837599011,-.2591291190
.2853932106,.4289058017,-.1521482781
.2750492996,.4686370653,-.5600715106e-1
.2621548826,.5042777691,.3274273649e-1
.2471991776,.5366125293,.1161610116
.2304976786,.5661473456,.1956060440
.2122649106,.5932262750,.2720410377
.1926513766,.6180907006,.3461897229
.1717640256,.6409121502,.4186236727
.1496782646,.6618115616,.4898153605
.1264452366,.6808709579,.5601728358
.1020962176,.6981405028,.6300641298
.766451066e-1,.7136424870,.6998360049
.2944189266,.3985987105,-.3593816973
.2913476726,.4499940325,-.2387866709
.2836844666,.4940246732,-.1341216085
.2728322816,.5329407561,-.3951501446e-1
.2595360986,.5679370960,.4814654377e-1
.2442455816,.5997348775,.1307615819
.2272540676,.6288045605,.2096006047
.2087624326,.6554683148,.2855747511
.1889121236,.6799529959,.3593751278
.1678036806,.7024198520,.4315521796
.1455076946,.7229820977,.5025645705
.1220714596,.7417155877,.5728115319
.975229806e-1,.7586652345,.6426559851
.822620716e-1,.630103360e-1,.2930673701
.622815586e-1,.872861919e-1,.3666818651
.410512086e-1,.1095575304,.4387225626
.186390276e-1,.1299334218,.5096408998
-.49097680e-2,.1484863820,.5798315303
-.295689660e-1,.1652584538,.6496547856
-.553293040e-1,.1802644925,.7194543860
-.821977730e-1,.1934932853,.7895729990
-.1101981420,.2049067077,.8603676617
-.1393728100,.2144367660,.9322270627
-.1697863040,.2219799627,1.005593138
-.2015312060,.2273878185,1.080990717
-.2347378510,.2304512955,1.159071508
.1124869976,.943873987e-1,.2726620800
.928625526e-1,.1192343244,.3467944240
.719650306e-1,.1420394602,.4192162836
.498696126e-1,.1629233830,.4903994793
.266272616e-1,.1819678280,.5607516363
.22691050e-2,.1992227163,.6306405414
-.231910980e-1,.2147101181,.7004128488
-.497559080e-1,.2284259266,.7704100121
-.774443970e-1,.2403395505,.8409835570
-.1062936170,.2503915678,.9125116354
-.1363615990,.2584889069,.9854191606
-.1677325080,.2644965794,1.060204761
-.2005251240,.2682240856,1.137480009
.1416098366,.1259155650,.2493084203
.1223988856,.1514256631,.3240793401
.1018856836,.1748471812,.3969759014
.801541956e-1,.1963147833,.4684961201
.572622956e-1,.2159212898,.5390645078
.332469036e-1,.2337259133,.6090589756
.81269780e-2,.2497590590,.6788309249
-.180950310e-1,.2640246574,.7487217953
-.454329990e-1,.2765004568,.8190783282
-.739181750e-1,.2871363361,.8902685134
-.1036016700,.2958503236,.9627003236
-.1345588500,.3025215446,1.036846116
-.1668966120,.3069785571,1.113277291
.1695615786,.1575171651,.2228575361
.1508273746,.1837918816,.2984130733
.1307543366,.2079193422,.3718979387
.1094372166,.2300515179,.4438438933
.869422126e-1,.2502945751,.5146973901
.633130736e-1,.2687186799,.5848499493
.385747456e-1,.2853638432,.6546601595
.127353180e-1,.3002430355,.7244711585
-.142133730e-1,.3133431647,.7946261222
-.422963570e-1,.3246240892,.8654837472
-.715574770e-1,.3340154923,.9374357535
-.1020630440,.3414110202,1.010928911
-.1339079660,.3466584600,1.086495464
.1962546356,.1890986156,.1931088935
.1780683716,.2162521302,.2696282030
.1584972716,.2411846133,.3438407034
.1376494636,.2640694822,.4163218958
.1156012336,.2850290860,.4875468242
.924044216e-1,.3041465668,.5579251842
.680908946e-1,.3214730347,.6278259785
.426750856e-1,.3370316369,.6975963953
.161550884e-1,.3508193157,.7675778046
-.114874860e-1,.3628065786,.8381210175
-.402889169e-1,.3729352416,.9096027607
-.703063059e-1,.3811137219,.9824455940
-.1016226289,.3872089412,1.057144523
.2215785746,.2205452279,.1597961936
.2040222936,.2487091252,.2375024370
.1850229806,.2745586519,.3126153552
.1647055666,.2982941801,.3857677763
.1431587176,.3200579092,.4574722157
.1204439506,.3399485054,.5281625945
.966011956e-1,.3580300087,.5982226100
.716520686e-1,.3743370863,.6680066336
.456015386e-1,.3888777076,.7378566408
.184383006e-1,.4016337417,.8081175428
-.98660782e-2,.4125595888,.8791529058
-.393593936e-1,.4215785898,.9513630808
-.701128623e-1,.4285765294,1.025208501
.2453939276,.2517135651,.1225666302
.2285646756,.2810434896,.2017427208
.2102180306,.3079397805,.2779732045
.1905004546,.3326373427,.3519672133
.1695160496,.3553031317,.4242868698
.1473380836,.3760546621,.4953984756
.1240159996,.3949712301,.5657061230
.995796346e-1,.4121006862,.6355755354
.740415736e-1,.4274632184,.7053524953
.473981106e-1,.4410528792,.7753786614
.196289616e-1,.4528371410,.8460068720
-.93042853e-2,.4627543932,.9176178666
-.394613120e-1,.4707089200,.9906407793
.2675229906,.2824198920,.8094964544e-1
.2515389546,.3131053915,.1619618790
.2339411546,.3412026978,.2395873691
.2149043326,.3669920696,.3146389381
.1945522666,.3906720201,.3877453900
.1729727756,.4123833974,.4594166180
.1502267256,.4322238222,.5300848357
.1263535126,.4502564751,.6001326850
.1013742796,.4665152683,.6699139865
.752935516e-1,.4810074582,.7397705929
.480995736e-1,.4937141903,.8100477121
.197634196e-1,.5045890743,.8811096556
-.97632845e-2,.5135545273,.9533580822
.2877357816,.3124220465,.3430815925e-1
.2727457706,.3447017864,.1176432759
.2560146366,.3741890734,.1970256427
.2377554746,.4012256712,.2734129884
.2181178416,.4260514476,.3475256211
.1972080246,.4488368640,.4199329023
.1751009316,.4697020610,.4911058617
.1518473086,.4887284280,.5614516207
.1274780996,.5059655921,.6313376684
.1020068996,.5214353568,.7011105299
.754309856e-1,.5351333557,.7711116837
.477311146e-1,.5470287244,.8416928344
.188700426e-1,.5570617340,.9132324977
.3057276676,.3413896801,-.1824101374e-1
.2919265416,.3755761834,.6808530139e-1
.2762114416,.4066930077,.1497090976
.2588496326,.4351688032,.2277982195
.2400256616,.4612995494,.3032021301
.2198699876,.4852944783,.3765729645
.1984752746,.5073022085,.4484358263
.1759061226,.5274263447,.5192328346
.1522049796,.5457349688,.5893527900
.1273956656,.5622662804,.6591527899
.1014852136,.5770315638,.7289755203
.744644086e-1,.5900160349,.7991646759
.463070826e-1,.6011777284,.8700805233
.3210816676,.3688524236,-.7796503824e-1
.3087371026,.4053749922,.1230991773e-1
.2942352276,.4384376160,.9684630038e-1
.2779240046,.4685983671,.1771320447
.2600376056,.4962328116,.2542060122
.2407393836,.5216029428,.3288388738
.2201452656,.5448946844,.4016324416
.1983373186,.5662396600,.4730789732
.1753719356,.5857283134,.5435992501
.1512848056,.6034178814,.6135689154
.1260937906,.6193370125,.6833382537
.998002926e-1,.6334879573,.7532485861
.723893626e-1,.6458467371,.8236475288
.3331999106,.3941023449,-.1467734636
.3227028506,.4335879868,-.5109769430e-1
.3096878586,.4690353078,.3732321603e-1
.2946319536,.5012093662,.1204991486
.2778438466,.5306052778,.1997615120
.2595339026,.5575604332,.2760576063
.2398498806,.5823118068,.3501012180
.2188967896,.6050278210,.4224574933
.1967485886,.6258270884,.4935947040
.1734552646,.6447897818,.5639182052
.1490471186,.6619644972,.6337944546
.1235371606,.6773721002,.7035695382
.969220956e-1,.6910073084,.7735850344
.3411648546,.4159897616,-.2277581658
.3331360756,.4594340877,-.1242945098
.3220130976,.4979158653,-.3049364600e-1
.3085010086,.5325659312,.5659245899e-1
.2930294596,.5640733700,.1387810598
.2758804046,.5928903842,.2172977297
.2572476246,.6193277675,.2930267272
.2372678166,.6436047531,.3666422159
.2160381266,.6658771511,.4386836434
.1936265756,.6862540527,.5096024804
.1700783896,.7048079923,.5797934066
.1454197926,.7215810284,.6496167676
.1196600556,.7365880305,.7194162890
.1006732156,.555223272e-1,.3452980079
.798008696e-1,.783678425e-1,.4177498384
.577293536e-1,.992900990e-1,.4889540981
.345100726e-1,.1183715439,.5593194586
.101745290e-1,.1356626998,.6292143187
-.152631770e-1,.1511861824,.6989855989
-.418052750e-1,.1649384163,.7689747078
-.694704900e-1,.1768893680,.8395328061
-.982954820e-1,.1869802433,.9110373195
-.1283378100,.1951187267,.9839119619
-.1596810350,.2011708007,1.058653521
-.1924431110,.2049472863,1.135870740
-.2267903260,.2061814914,1.216345092
.1317799156,.870464861e-1,.3270575653
.1112160556,.1103867582,.3998894584
.894367116e-1,.1317776069,.4713633768
.664988276e-1,.1513103621,.5419014851
.424385506e-1,.1690429982,.6118802662
.172741540e-1,.1850048210,.6816504166
-.89925680e-2,.1991987090,.7515532920
-.363761610e-1,.2116013317,.8219361746
-.649086220e-1,.2221613756,.8931682792
-.946419390e-1,.2307954581,.9656596552
-.1256525870,.2373809261,1.039885901
-.1580489480,.2417439552,1.116423367
-.1919835640,.2436398961,1.196003173
.1618521486,.1188153457,.3060060790
.1416482016,.1427328551,.3793110632
.1202081196,.1646678211,.4511260570
.975955756e-1,.1847223644,.5218906939
.738522626e-1,.2029633547,.5919922191
.490013416e-1,.2194279364,.6617868916
.230492306e-1,.2341264059,.7316171592
-.40139050e-2,.2470429860,.8018270547
-.322149040e-1,.2581346351,.8727777938
-.615997030e-1,.2673276780,.9448656063
-.922372040e-1,.2745116087,1.018544414
-.1242257160,.2795287562,1.094357412
-.1577035570,.2821572831,1.172984541
.1908343456,.1507641755,.2820357812
.1710457516,.1753478357,.3559256688
.1499950096,.1979072339,.4281685756
.1277539506,.2185575741,.4992266812
.1043708656,.2373763065,.5695014535
.798746086e-1,.2544097077,.6393570953
.542768706e-1,.2696765278,.7091387720
.275730626e-1,.2831694079,.7791883543
-.2580250e-3,.2948543275,.8498597385
-.292558670e-1,.3046679833,.9215357213
-.594814210e-1,.3125126036,.9946487575
-.910226280e-1,.3182471475,1.069709113
-.1240034310,.3216728357,1.147346174
.2186554496,.1828165028,.2549978120
.1993431466,.2081640509,.3296085620
.1787359626,.2314348377,.4023856513
.1569156616,.2527599993,.4738204192
.1339383986,.2722295986,.5443330551
.1098396636,.2899005544,.6142988430
.846371426e-1,.3058012313,.6840678911
.583320676e-1,.3199336083,.7539815099
.309093146e-1,.3322734265,.8243874617
.23362480e-2,.3427683448,.8956560340
-.274398820e-1,.3513337623,.9681990927
-.584965110e-1,.3578454856,1.042495059
-.909433090e-1,.3621276234,1.119124596
.2452259396,.2148806148,.2246926206
.2264583546,.2411017937,.3001915639
.2063545996,.2651799915,.3736338509
.1850086496,.2872659278,.4455487509
.1624861036,.3074648133,.5163810943
.1388302276,.3258460375,.5865213794
.1140655496,.3424489378,.6563276346
.881997656e-1,.3572858584,.7261428217
.612243206e-1,.3703430799,.7963103031
.331137646e-1,.3815797849,.8671893486
.38237694e-2,.3909248767,.9391727117
-.267125778e-1,.3982710389,1.012708808
-.585909713e-1,.4034647970,1.088332404
.2704335676,.2468445486,.1908561132
.2522893396,.2740654824,.2674520331
.2327565706,.2990594419,.3417225395
.2119444606,.3220015633,.4142467167
.1899300946,.3430154778,.4855019563
.1667659426,.3621853421,.5558994595
.1424844096,.3795631220,.6258091193
.1171004096,.3951727386,.6955785214
.906125026e-1,.4090118855,.7655489913
.630027916e-1,.4210518557,.8360708482
.342355466e-1,.4312353467,.9075198105
.42543262e-2,.4394718352,.9803167820
-.270230010e-1,.4456295982,1.054954211
.2941371616,.2785687409,.1531393750
.2767090166,.3069381456,.2310970367
.2578252976,.3329730653,.3064010177
.2376145586,.3568796803,.3796967803
.2161680906,.3788044032,.4515050784
.1935494356,.3988491463,.5222651976
.1698001816,.4170806090,.5923641657
.1449433976,.4335357874,.6621581266
.1189854146,.4482248390,.7319894961
.919163096e-1,.4611318462,.8022023561
.637091506e-1,.4722136154,.8731580585
.343178906e-1,.4813962946,.9452530714
.36734892e-2,.4885691591,1.018941703
.3161575036,.3098749393,.1110782562
.2995579606,.3395732747,.1907401546
.2814158986,.3667976822,.2673400315
.2618851046,.3917948078,.3416135340
.2410748326,.4147398773,.4141399336
.2190622096,.4357565878,.4853967423
.1958997396,.4549291477,.5557952373
.1716198526,.4723095679,.6257053613
.1462374876,.4879218090,.6954747192
.1197512316,.5017636030,.7654446342
.921432106e-1,.5138062833,.8359654013
.633777226e-1,.5239925926,.9074126853
.333983606e-1,.5322320626,.9802073103
.3362634636,.3405288713,.6404618427e-1
.3206335986,.3717823985,.1458664714
.3033463506,.4003777771,.2241044062
.2845894606,.4266161086,.2996214544
.2644955486,.4507100926,.3730773615
.2431588376,.4728108479,.4450021904
.2206451206,.4930238916,.5158412913
.1969978156,.5114188623,.5859854904
.1722415856,.5280353126,.6557929924
.1463842526,.5428857878,.7256068165
.1194173866,.5559567692,.7957702617
.913156746e-1,.5672076567,.8666424147
.620349416e-1,.5765676038,.9386156964
.3541500646,.3702119150,.1117765132e-1
.3396736756,.4033154124,.9577779870e-1
.3233842716,.4335111571,.1761113814
.3055171696,.4611765497,.2532216874
.2862364626,.4865747731,.3278821188
.2656585926,.5098925753,.4006962400
.2438660066,.5312621863,.4721574521
.2209153936,.5507745262,.5426872801
.1968426866,.5684872278,.6126618177
.1716659706,.5844292918,.6824315671
.1453868576,.5986033067,.7523378691
.1179906146,.6109856419,.8227281577
.894450396e-1,.6215246523,.8939719922
.3694018686,.3984720719,-.4876322534e-1
.3563298346,.4338279081,.3950275179e-1
.3412264436,.4659258076,.1225644162
.3243972366,.4952558013,.2017405953
.3060506306,.5221521556,.2779711502
.2863330906,.5468497755,.3519652119
.2653487186,.5695156185,.4242849081
.2431707846,.5902671998,.4953965400
.2198487316,.6091838175,.5657042052
.1954123966,.6263133221,.6355736248
.1698743666,.6416759027,.7053505823
.1432309336,.6552656122,.7753767364
.1154618166,.6670499241,.8460049249
.3814272166,.4246326005,-.1176261294
.3701229166,.4628235695,-.2436004308e-1
.3564655426,.4972406241,.6234262084e-1
.3408717436,.5285519935,.1442464286
.3236160106,.5571979171,.2225475964
.3048874496,.5834816832,.2981127238
.2848196006,.6076174688,.3716048076
.2635073516,.6297574561,.4435560290
.2410169996,.6500079741,.5144131192
.2173923756,.6684393198,.5845677704
.1926584976,.6850916183,.6543786675
.1668235186,.6999779460,.7241889789
.1398793416,.7130853164,.7943418495
