[.000151470978839163, .638015897286002, .639982663505602, .405577790253436, .1477480626, .402711624581534, 1.421599239, .001791354503, -.000149584208319897]
[.000149356014611524, .637612983000977, .640387267546339, .406084058078018, .1474921453, .402204638779925, 1.421342894, .002424639437, -.00014590597706976]
[8.05497457280202e-005, .637159733323067, .640846725708323, .406569587443284, .1472467204, .401713479820362, 1.421094541, .003035071924, -7.47943361921743e-005]
[-7.17219759936993e-005, .636673896150133, .641363942074085, .40699079865166, .1470338142, .401257710542156, 1.420864075, .003583187736, 8.21130011303683e-005]
[-.000306904706071198, .636186159842971, .641908082134927, .407309673284521, .1468726397, .400875246116216, 1.420670670, .00402152782, .000323936738785613]
[-.000630472941536508, .635710307609449, .64245066721139, .40750193133232, .1467754652, .400607039001943, 1.420535040, .004309321044, .000654541949858589]
[-.0010398496005245, .635263120236394, .642953880373127, .407549665367281, .1467513388, .400495014044535, 1.420478389, .004409171363, .00106922070399373]
[-.00153575133629358, .63485613107611, .643388681896298, .40743741674348, .1468080732, .400574665850453, 1.420518669, .00428923246, .00156697148647178]
[-.00212023432613728, .634498969488567, .64373265508151, .407150413749308, .1469531366, .400875504114795, 1.420670801, .003921828575, .00214871360575919]
[-.00279351645585668, .634201104122726, .643976937560589, .406676375209255, .1471927426, .401409316056611, 1.420940737, .003291917916, .00281495447286928]
[-.00355963303964857, .633967789634225, .644126292216867, .406003480444304, .1475328765, .402176796036497, 1.421328815, .002391680035, .00357110249796722]
[-.00441694695118777, .633801506833032, .64419151166708, .405130532482445, .1479741585, .403164497273192, 1.421828216, .001228772315, .00441745315071673]
[-.00536306901422223, .633699249421904, .644186856807789, .404064179408217, .1485132478, .404353619734318, 1.422429408, -.0001809002048, .00535355958728045]
[-.00639348811753804, .63364694774908, .644130321381, .402827712300636, .1491383918, .405717252408328, 1.423118763, -.001805963549, .0063762970961847]
[-.00749837216530158, .633627659223512, .644035277036024, .401454793592525, .1498325930, .407226695670367, 1.423881747, -.003607446623, .00747649042232479]
[-.00867505947628522, .633608977400895, .643928327447835, .399989620301785, .1505735220, .408845073495269, 1.424699698, -.005534686503, .00865169089997819]
[-.0099196016997869, .633557227191472, .643838183045087, .398479698011507, .1513371675, .410530896244895, 1.425551632, -.007532070114, .00989784841691488]
[-.0112267240548656, .633439602013131, .643796999044944, .396973202284061, .1520991686, .412236599810084, 1.426413506, -.009539768151, .0112094717201027]
[-.0125901407148118, .633226404851832, .643838624384574, .395515743530411, .1528364510, .413911194016398, 1.427259555, -.01149740986, .0125799614139661]
[-.0140083527106304, .632886259816696, .643996996834317, .394149077030913, .1535278805, .41550901860913, 1.428066721, -.01335036006, .0140069523278425]
[-.01547462232462, .632394373498475, .644295495609931, .392913322393814, .1541531422, .416990354439255, 1.428814958, -.01504871302, .0154821693629235]
[-.0169878589416133, .631727699306711, .644750421481171, .391839268044329, .1546966369, .41833094798366, 1.429492035, -.01655805657, .0170025004949916]
[-.0185469243914497, .63086797439761, .645370526849753, .390951711441058, .1551457945, .419515782059718, 1.430090391, -.01785349258, .0185646103832563]
[-.0201484040885128, .629814543305677, .646149394773969, .390255983324256, .1554978972, .420546888306758, 1.430611071, -.0189329467, .0201635554828614]
[-.0217955230186453, .628571246437752, .647083133094417, .389743243679151, .1557574033, .421432717980431, 1.431058359, -.01980721656, .0218020457462477]
[-.0234931140206799, .627161460377063, .64815813302604, .389377760079339, .1559423871, .422197942241377, 1.431444727, -.02051405263, .0234860085197901]
[-.0252407106657638, .625624799890997, .649350355917019, .389109864235057, .1560779818, .422874913928154, 1.431786518, -.02110472273, .0252170888174494]
[-.0270465585559281, .624005161915325, .650630166148076, .388873351885859, .1561976943, .423514642601073, 1.432109491, -.02165249855, .0270062200778353]
[-.0289140207667723, .622354232561875, .651952170872031, .388598302029122, .1563369156, .424181437985664, 1.432446113, -.02224129363, .028859207133704]
[-.0308429640368295, .620733159791041, .653253431497967, .388207188035617, .1565348901, .42495706970118, 1.432837659, -.02297069608, .03077826254565]
[-.0328316548405277, .619206164333856, .654464491153411, .387620562791846, .1568318403, .425929626886839, 1.433328586, -.02394545332, .0327641878697029]
[-.0348817433509663, .617833094534161, .655522760713913, .386760144736695, .1572674099, .427183588974241, 1.433961510, -.02526734117, .0348218859346048]
[-.0369888983821685, .616679821572934, .656365655865587, .385547448534887, .1578813644, .428797363051423, 1.434775965, -.02703448954, .0369515806919597]
[-.0391497508981044, .615804128528707, .656944816891717, .383912822399861, .1587090253, .430834148356641, 1.435803780, -.02933003374, .0391557998621795]
[-.0413600992343436, .615259440004571, .657221313790559, .38179291402812, .1597825629, .433346070362777, 1.437071163, -.03222630044, .0414379127225867]
[-.0436134542651089, .615081551477987, .657174779417818, .379149357020691, .1611215404, .43635984884378, 1.438591472, -.03576418109, .0437998343347273]
[-.0458961752253623, .61530153684796, .656789136173218, .375958535002627, .1627380994, .439888935306231, 1.440371339, -.03996713974, .0462374176686575]
[-.0481914093095771, .615930259544273, .656066573691931, .372226354724111, .1646294705, .443919596549748, 1.442403664, -.04482328391, .0487432429805108]
[-.0504774860465472, .616970668406992, .655016512180389, .367974739058839, .1667848026, .448422952093901, 1.444673698, -.05030134275, .0513051016649596]
[-.0527351607061306, .618398789028869, .65367329089944, .363256835463043, .1691774328, .453339679518803, 1.447151358, -.05633156512, .0539112753807213]
[-.0549426439962105, .620180554007895, .652077230463675, .358142103219088, .1717724158, .458597182973627, 1.449799900, -.06282574634, .0565451823767494]
[-.0570776730219325, .62226581454156, .650281272206493, .35272157735586, .1745238205, .464102141624932, 1.452572188, -.06966919902, .0591858542590704]
[-.0591178316594853, .624598963720541, .648343167143799, .347094064217242, .1773817032, .469750925880554, 1.455415957, -.07673582474, .0618083360337152]
[-.061045741482107, .627116610905274, .646332288823388, .341362601053696, .1802938818, .475427326686327, 1.458272686, -.08388881115, .0643885392065401]
[-.0628443551210587, .629751625339414, .644313110898934, .335635409829689, .1832054348, .48101613382689, 1.461084431, -.09098844788, .0668976180473981]
[-.0645117271716199, .632420794697118, .642351501704076, .330022820960874, .1860602514, .486413860138343, 1.463799216, -.0979007136, .0693169931244985]
[-.0660450141892724, .635040568056502, .640497348437893, .324637608108031, .1888008570, .491530725154218, 1.466372011, -.1044982793, .071622709283411]
[-.0674504585154544, .637532135534702, .638787672942011, .319575363927201, .1913784084, .496303400841808, 1.468771120, -.1106808628, .0737990843698393]
[-.0687348456152805, .639826715492296, .637251020209519, .31491849536325, .1937506909, .500679698400536, 1.470970461, -.1163631746, .0758308235176716]
[-.0699026877411485, .641882497502539, .635903880366769, .310717585946639, .1958916480, .504624278928518, 1.472952424, -.1214903268, .0777042223318292]
[-.070959470327412, .643671665952681, .634759708553211, .307003772889957, .1977851181, .50811040302534, 1.474703713, -.1260249733, .0794095690943102]
[-.0719086980067052, .645194827559359, .633815191533488, .303773556536267, .1994326129, .511137400628926, 1.476224116, -.1299679899, .0809417847080436]
[-.0727505388842981, .646466445978109, .63305553281163, .301009414619459, .2008428331, .51371908234794, 1.477520672, -.1333382971, .0822963293091696]
[-.0734868114380818, .647513469092664, .632456051098355, .298675017745331, .2020341197, .515889313909474, 1.478610470, -.1361794494, .0834754102371696]
[-.0741177318269293, .648370541103594, .631985598354435, .296725730105441, .2030291005, .51769158036169, 1.479515408, -.1385464673, .0844828693651123]
[-.0746419945627748, .649082202973718, .631605027738408, .295105646538424, .2038561997, .519181524031151, 1.480263469, -.14050931, .0853247175706664]
[-.075054656166889, .6496998558186, .631270616917188, .293754381868595, .2045461673, .520418318196739, 1.480884391, -.1421431361, .0860054567671166]
[-.0753573151876366, .650266985435487, .63094612411282, .292613151195726, .2051289666, .521460679196599, 1.481407673, -.1435219215, .0865368255030063]
[-.0755481308033878, .650828262647108, .63059472032425, .291625979414409, .2056331487, .522363902370571, 1.481861086, -.1447157955, .0869272623149006]
[-.0756238727176068, .651417350597633, .630188065339712, .290753062094587, .2060790214, .52316777257979, 1.482264608, -.1457749401, .0871810203520141]
[-.0755790968214097, .652064353140024, .629700251547134, .289962112093079, .2064830623, .523904866081612, 1.482634598, -.1467402738, .0872989033821322]
[-.075413038708265, .652788391442812, .629117246508937, .289229078721559, .2068575482, .524597045879283, 1.482982032, -.1476407691, .0872848130417231]
[-.0751237137348737, .653605273222446, .628428999307901, .288535840144949, .2072117312, .525258405046041, 1.483313986, -.1484967591, .0871402617227668]
[-.0747119368301754, .6545129045194, .627640654088249, .287884106648252, .2075447328, .525882934032492, 1.483627445, -.1493033482, .0868654362559986]
[-.0741716771078037, .655508625863543, .626753422203796, .287285332690508, .2078506954, .526458697128555, 1.483916420, -.150045734, .0864517136862369]
[-.0735080398401695, .656574915178232, .6257805280998, .286755880212424, .2081212525, .526971480379344, 1.484173779, -.1507045663, .0859006046505805]
[-.0727232020029223, .657695701181759, .624732522495877, .286314062242896, .2083470390, .527406256866276, 1.484391984, -.1512587422, .0852102724616449]
[-.0718163806128445, .658857256957734, .623616991879893, .285979005855557, .2085182734, .5277477947368, 1.484563391, -.1516865116, .0843757450561117]
[-.0707928126033703, .660041868417174, .622445782933359, .285767162377413, .2086265415, .527983716963988, 1.484681791, -.151969622, .0833986603649856]
[-.0696507007113105, .66125264051465, .621214189189442, .285676838998399, .2086727044, .528117947950313, 1.484749156, -.1521116064, .0822775223939572]
[-.0683921580493838, .66249530517736, .619917601933292, .28569772696429, .2086620289, .528161313952805, 1.484770920, -.1521258193, .0810166210559815]
[-.067018240953498, .66378393985239, .618545626113838, .285809915826542, .2086046911, .528132919271691, 1.484756670, -.1520369286, .0796212791769918]
[-.0655290376449261, .665138608949889, .617082705641125, .285986886338533, .2085142459, .528058741589587, 1.484719443, -.1518781311, .0780973186516529]
[-.063926730794073, .6665929800161, .615503068856263, .286181473004423, .2084147995, .527985111107032, 1.484682491, -.1517085454, .0764570934746786]
[-.0622145481329496, .668185715382582, .613777425424069, .286338577762929, .2083345104, .527965920032439, 1.484672860, -.1515970812, .0747156584880604]
[-.0603943672391888, .669961009877894, .611877428826241, .286397612998851, .2083043405, .528053386176084, 1.484716755, -.1516150567, .0728876349759107]
[-.0584677011396322, .671965786343291, .609777668559393, .286294880335705, .2083568420, .528296310036578, 1.484838668, -.1518336027, .0709877791109926]
[-.0564350085376979, .67424386643756, .60745426634769, .285972116595995, .2085217943, .528739151096834, 1.485060907, -.1523176927, .0690288334885728]
[-.0542987202865802, .676832217834605, .604886932905441, .285377411873585, .2088257403, .529423226556511, 1.485404201, -.1531263425, .0670245891035749]
[-.0520554552798298, .679756651598887, .602055660758718, .284481076036669, .2092838831, .530377530215413, 1.485883088, -.1542967923, .0649790389200492]
[-.0497056162777996, .683029418176315, .598950549325153, .283266164002284, .2099049305, .531620710393785, 1.486506909, -.1558517596, .0628978399320868]
[-.0472513848792795, .68663656851545, .595581191657575, .28174776882121, .2106812302, .533142006866796, 1.487270243, -.1577751675, .0607819891656027]
[-.0446906211299387, .690557681887414, .591963935925278, .279955142320104, .2115979002, .534913534472626, 1.488159072, -.1600311869, .058625160817537]
[-.0420211721455996, .694752737330514, .588131313521142, .277943396516274, .2126268332, .536880531148464, 1.489145898, -.1625506016, .0564150369708259]
[-.0392473537193401, .699163677743233, .584128760162684, .275783009613519, .2137320452, .538975686861251, 1.490196933, -.1652464444, .0541417700963751]
[-.0363712911168055, .703713832503261, .580012443749987, .273572127810123, .2148633639, .541107267634284, 1.491266148, -.1679986002, .0517859416977597]
[-.033401314015101, .708309949823651, .575846413774009, .271422914767865, .2159633943, .543176241974192, 1.492303873, -.1706732235, .0493297893539194]
[-.0303410380488176, .712855262645322, .571689819738554, .269458760892, .2169689381, .5450791604921, 1.493258235, -.1731262988, .0467467917810154]
[-.0272018319344468, .717243830630526, .567610244836805, .267805255870585, .2178156188, .546709457189533, 1.494075814, -.1752102026, .0440160984408365]
[-.0239985976332888, .721366625982437, .563677589410909, .266587614177423, .2184392161, .547961068332992, 1.494703451, -.1767776989, .0411194610588327]
[-.0207380679602708, .725127978865527, .559952857349244, .26592422445639, .2187789978, .548730322016985, 1.495089188, -.1776873504, .0380316728610834]
[-.0174359446617974, .728444714594253, .556494360555137, .265904866499329, .2187889131, .548936795726649, 1.495192721, -.1778307549, .0347441621863287]
[-.0140966012498223, .731256989893993, .553344190418023, .266603020672018, .2184313254, .548512582838367, 1.494980006, -.1771180813, .0312427022356166]
[-.0107302489318678, .733524348861269, .550538961532906, .268058189159749, .2176860935, .547416023508444, 1.494430135, -.1754981388, .0275296251063113]
[-.00733919364831503, .735227487020879, .548101353707404, .270291682263187, .2165424989, .545621290107788, 1.493530114, -.1729417988, .0236068007694921]
[-.00392745329782718, .73637501056916, .546039947823568, .273284971502809, .2150103236, .543136419579758, 1.492283900, -.1694671488, .0194904024949438]
[-.00049960614067257, .736989414162536, .54435478049376, .276999921327632, .2131094643, .539988797935008, 1.490705128, -.1651173113, .0152043831964523]
[.00294393097585999, .737126355455421, .54302346633354, .281359819981079, .2108795948, .536240312559073, 1.488824715, -.1599818697, .0107789912730637]
[.00640380531312523, .736855907113847, .542013101323647, .28627039778225, .2083693539, .531969092158287, 1.486681719, -.1541717076, .00624739740442548]
[.00987405341047543, .736259401519708, .541285539224663, .291614223775547, .2056391531, .527272109866442, 1.484324659, -.1478239639, .00165292666363026]
[.0133612314190991, .735439228573174, .540783110549147, .297263328446648, .2027546722, .522254341592854, 1.481806088, -.1410869863, -.0029743435650933]
[.0168626988945306, .734495787638299, .540448723140078, .303081202866958, .1997858026, .517029072329905, 1.479182764, -.1341191449, -.00759737764413082]
[.0203819142612756, .733535420167773, .540210022217155, .308932596497075, .1968016272, .511715568512873, 1.476514494, -.1270811333, -.0121900552903371]
[.0239174891583078, .732653263745035, .539994951819324, .314691622207597, .1938662918, .506431402643475, 1.473860288, -.120126063, -.0167279683066858]
[.0274663634958513, .731935374628123, .53972895757377, .320243014755198, .1910383862, .501292119747245, 1.471278199, -.1133985709, -.0211914887747399]
[.0310194025892609, .731442802958072, .539358166957824, .325496914501828, .1883634490, .496386074093882, 1.468812673, -.107009838, -.0255630556811652]
[.0345707453658893, .731231117911988, .538833676852169, .330375367401035, .1858808855, .491786333685433, 1.466500515, -.1010537573, -.029832985113361]
[.0381115787574826, .731334060180952, .538123364859466, .334825220608627, .1836174399, .487542708791598, 1.464366870, -.09559395646, -.033993993361623]
[.0416320684462391, .731770591432259, .537201632111375, .338811234575737, .1815907369, .483694475180636, 1.462431603, -.09067623368, -.0380409514578491]
[.0451296732375525, .73253857626581, .5360533452617, .342334773150611, .1797998092, .480253310162982, 1.460700704, -.0863061914, -.0419806840709022]
[.0485910502942616, .733611376119844, .534683965962261, .345414629907068, .1782348717, .477217226640867, 1.459173286, -.08247007531, -.0458104069145869]
[.052012177517213, .734956947085375, .533110150757204, .34808827303096, .1768766972, .474557813979851, 1.457835152, -.07912600424, -.0495373947357988]
[.0553880240540843, .736538713090592, .53136445437097, .350397388906493, .1757039631, .472229612532572, 1.456663506, -.07621891505, -.0531666215704846]
[.0587212931511325, .738317785999644, .529484293678223, .352396304190993, .1746889682, .4701715442713, 1.455627672, -.0736761615, -.0567106224664213]
[.0620056261456915, .740240849745763, .527520188129186, .35414598412587, .1738006775, .468318071411146, 1.454694705, -.07141825133, -.0601722390890463]
[.0652428241658191, .742255679213479, .525510928865239, .355716254228585, .1730035888, .466607828719207, 1.453833744, -.06936284047, -.0635625093494027]
[.0684309287453689, .744304514179714, .523497218122255, .357179029070281, .1722611660, .464982356194846, 1.453015377, -.06742816217, -.0668880878280411]
[.0715688355161989, .746335717647455, .521513777175481, .358599302874245, .1715404061, .463391164879979, 1.452214193, -.06554182869, -.0701550759509454]
[.0746605215765748, .748307295093217, .519588332087203, .360036091838222, .1708113567, .461787570308264, 1.451406686, -.06363761805, -.0733734193247879]
[.0777076298247432, .750187488452812, .517745344948821, .361532185100999, .1700523127, .460134452811401, 1.450574160, -.06166549176, -.0765485450654476]
[.0807075964515088, .751946876049018, .51600962062641, .363121901443551, .1692458774, .458400950790889, 1.449701061, -.05958465713, -.0796804346223062]
[.083661936350454, .753572714149688, .514391199756272, .364823348216789, .1683828863, .456571592356058, 1.448779582, -.05737412467, -.0827713907448743]
[.0865696200847834, .755055125104683, .512896237991461, .366647657441234, .1674577187, .454639775035655, 1.447806380, -.05502283301, -.085820432853197]
[.0894289731086314, .756396001657535, .51152516228252, .368590043665947, .1664728293, .45260876877793, 1.446783083, -.05253586651, -.0888243537624646]
[.0922380615423861, .757603921170601, .510276700641159, .37063684617946, .1654351718, .450485323825187, 1.445713072, -.04992603696, -.0917788489728171]
[.0949895326455412, .758692266064817, .509152417753314, .37276137410202, .1643583004, .448280799066861, 1.444602052, -.04721718347, -.0946730861140214]
[.0976792390153152, .759677650363923, .508143780340621, .374936970965895, .1632557426, .44601444243605, 1.443459708, -.04443804382, -.0975000236605672]
[.100305020467919, .760577543244511, .50723132045489, .377138497223007, .1621402481, .443715551734525, 1.442300794, -.04162267621, -.100255541530649]
[.102863046869173, .761405523051899, .506391845704281, .379343715310618, .1610230869, .441419029098289, 1.441142901, -.03880681069, -.102934823392819]
[.105348307495332, .76217242298174, .505602993594814, .381532444506314, .1599144794, .439159512223563, 1.440003495, -.03602470884, -.105532516529605]
[.107761007380315, .762896817138293, .50484141796755, .383681349384399, .1588262360, .436966604399993, 1.438897514, -.03330944362, -.108048357477322]
[.110101792130141, .763598812049551, .504089453144953, .385765771271299, .1577708292, .434862472327608, 1.437836155, -.03069025575, -.110482409330654]
[.112364592495846, .76429295383398, .50334052184952, .387759649022841, .1567614335, .43286397646224, 1.436827941, -.02819393972, -.112827927369262]
[.114548549634277, .764993899100632, .502584870961524, .389643459259325, .1558079071, .430984620527751, 1.435879706, -.02584110165, -.115084048892094]
[.116649841979492, .765709934588028, .501815950710478, .391402040282575, .1549178968, .429237003774787, 1.434997831, -.02364905652, -.117247445404442]
[.118667874985178, .766446562832494, .501025100672741, .39302787593607, .1540951784, .427631535624712, 1.434187593, -.02162897365, -.119318655199077]
[.120603176056991, .767207574475193, .500203012379911, .39451704205658, .1533417108, .426177702037945, 1.433453804, -.01978920408, -.121299602996272]
[.122450737239164, .767990663993135, .499350060677835, .395866314637067, .1526591005, .424880118995657, 1.432798815, -.01813462168, -.123186406835589]
[.124212858721516, .768800255445421, .498461812902682, .397073189183854, .1520485914, .423740492197205, 1.432223509, -.01666783614, -.124982297486193]
[.125886383358874, .769631661269514, .497543112777833, .3981397728685, .1515090974, .422755724460863, 1.431726343, -.01538557674, -.126685035569561]
[.127472280921841, .770480889739687, .496594433146133, .399072493829876, .1510373495, .421922716546661, 1.431305766, -.01428187471, -.128296732381043]
[.12897368574935, .771342049875542, .495613969458263, .399882897298365, .1506274944, .421238148462512, 1.430960116, -.01334742829, -.129821931604738]
[.130387013087366, .77220163118691, .494608494590013, .400583639855337, .1502731200, .420696573759458, 1.430686654, -.01257091478, -.131258271529683]
[.131719177071613, .773053902507899, .493577735332076, .401190794096625, .1499660898, .420288335773253, 1.430480512, -.01193624698, -.132613766130412]
[.132966408380996, .773881948126056, .49253449198607, .401721043964041, .1496979608, .420001061296245, 1.430335448, -.0114252594, -.133885497947556]
[.134132295830691, .774676266612837, .491487229476599, .402190984074285, .1494603374, .41981897128155, 1.430243497, -.01101771491, -.135077577734148]
[.135216679760795, .775423865852867, .490450311981177, .402616868559261, .1492449979, .419723897726313, 1.430195486, -.01069209695, -.136190104403076]
[.136220865505614, .776113031479411, .489440745901045, .403015176773392, .1490436081, .419692939340054, 1.430179853, -.01042379037, -.137224290265429]
[.137147353621228, .776733149345566, .488475976511586, .4034024984533, .1488477790, .41970133232697, 1.430184091, -.01018694736, -.138182385122316]
[.138000747172492, .77727557811415, .487572130641668, .403795578547076, .1486490444, .419723423567381, 1.430195247, -.009955067567, -.139068662821072]
[.1387822807345, .777724925222365, .486744089134801, .404215428485795, .1484367820, .419738555593668, 1.430202888, -.009702106653, -.139884670434604]
[.139497482172193, .778068633747796, .485995184609586, .40468488961214, .1481994457, .419734361721097, 1.430200771, -.009406058766, -.14063691018421]
[.14014474504644, .778288338932855, .485334828342724, .405225111573823, .1479263467, .419699898422726, 1.430183367, -.009046865188, -.141324673606173]
[.140728363891474, .778374607755989, .484766285219052, .405853396774421, .1476087429, .419624911423651, 1.430145500, -.008607302935, -.141952849556355]
[.141255949488192, .778329136265626, .484294603192068, .406577160435403, .1472428925, .419494190550646, 1.430079487, -.00807323152, -.142528482875839]
[.141721434567753, .778151219485493, .483935388652936, .407389565071068, .1468322592, .419297491861269, 1.429980155, -.007442522952, -.14304410701001]
[.142124274790151, .777849251426039, .483695276617113, .408279258894359, .1463825884, .419029003515777, 1.429844568, -.006718640935, -.143497697791412]
[.142454970785956, .777423940721841, .483581322281199, .409233294873917, .1459004308, .418692953135252, 1.429674858, -.005912320858, -.143878824203179]
[.142714238065926, .776884555006963, .483582611015737, .410240826065132, .1453912744, .41830234293892, 1.429477589, -.005038469364, -.144188047990338]
[.142902634592707, .776242405486776, .48367849533987, .411288241170238, .1448620029, .417881819129892, 1.429265206, -.004120997889, -.144426411841706]
[.143016127001642, .775504328026573, .483847795177788, .412361799296838, .1443195635, .417461877834667, 1.429053112, -.003187554484, -.144590851706804]
[.143060372674102, .774688650477344, .484057782945072, .413445508194767, .1437720385, .417075243380569, 1.428857834, -.002268586437, -.144688093538033]
[.143029138553797, .77380514823035, .484290235270862, .414519193414306, .1432296206, .416751848155347, 1.428694491, -.001395409666, -.144712589720486]
[.142924426099998, .772873776664351, .484522013471609, .415560258894081, .1427037224, .41651786960283, 1.428576310, -.0005985067287, -.144666698634923]
[.142738860744605, .771910103422244, .484747281847896, .416539859358265, .1422089099, .416390744196033, 1.428512099, 9.319697653e-005, -.1445424206732]
[.142471853388626, .77093352222162, .484959988038452, .41743290744061, .1417578469, .416379939028617, 1.428506641, .000658105305, -.144338298084714]
[.142120026447178, .769955574949987, .485157184958366, .418220708745859, .1413599664, .416494008460225, 1.428564258, .001079187888, -.144050483130762]
[.141682768205086, .768980267351434, .485336521834476, .418897536130535, .1410181514, .416736593481895, 1.428686786, .001350589566, -.143678422847535]
[.141164854970642, .768010017323327, .485491125799327, .419466428457131, .1407308592, .417109687696537, 1.428875231, .001472963508, -.143227381913818]
[.140569448733937, .767036391482789, .485624904332659, .41994202504654, .1404906906, .417603847520367, 1.429124815, .001461361474, -.142700920148521]
[.139901520492384, .766049634830852, .485746001254365, .420342882608063, .1402882703, .418202407961731, 1.429427118, .001337797053, -.142104093964266]
[.139165165514105, .765034119030761, .48587180318043, .420693824070708, .1401110608, .41887858746652, 1.429768606, .001134523121, -.141440760963341]
[.13837195522091, .763979134648711, .486015599285274, .421022871934053, .1399449106, .419601459218622, 1.430133657, .000888383064, -.140722185373689]
[.137521058260834, .76285950432613, .486207839326472, .421360631100814, .1397743657, .420334383599181, 1.430503765, .0006414047325, -.139947035262187]
[.136620680038116, .761657532076133, .486469742460886, .421739647440083, .1395829938, .421040763681027, 1.430860450, .0004368023633, -.139123202384802]
[.135665564320255, .760343641429616, .486832286400784, .422190463095275, .1393553758, .421688425928633, 1.431187471, .0003137732343, -.138245326204541]
[.13466391082338, .758901339942287, .487307711247248, .422744065739256, .1390758703, .422251274602567, 1.431471654, .0003079944653, -.137321965924529]
[.133614743260865, .757311752201083, .487908778708103, .423422880677993, .1387331619, .42271395142583, 1.431705253, .0004430807971, -.136352622360554]
[.132515596257349, .755561024478557, .488647230156949, .424241124980709, .1383200827, .423064742086216, 1.431882356, .0007352393753, -.135334915928285]
[.131365585865545, .753650578418572, .489524788517642, .425195794088683, .1378381613, .423303145571669, 1.432002716, .001182905599, -.134267552907094]
[.130163094417301, .75158862210264, .490539689137902, .426274432666042, .1372936983, .423434351771868, 1.432068956, .001775051491, -.133148186381268]
[.12890366990867, .74939011268094, .491679678400448, .427452566245572, .1366990601, .423479884154664, 1.432091943, .002482928858, -.131971943363393]
[.127586804786574, .747076799768092, .492920225474678, .428702175392501, .1360683993, .423471087967877, 1.432087502, .003269435465, -.130738400022911]
[.126201729703804, .744666381315019, .494238418302533, .429987496265132, .1354197721, .423449735168317, 1.432076722, .004086112056, -.129437208720872]
[.124748161105613, .742189520569195, .495597912500061, .431269715532171, .1347727672, .423461029369547, 1.432082424, .004880448226, -.128068721868876]
[.123216964740672, .739670645443356, .496974480579718, .43250680835502, .1341485868, .423546443565134, 1.432125545, .005600257267, -.126624144346077]
[.121606289184478, .737141511194827, .498340008488592, .433656759709512, .1335684211, .423743354467674, 1.432224954, .006195917919, -.1251018226901]
[.119910516860379, .734619775859851, .49967779413716, .434690539409262, .1330469042, .424079266436958, 1.432394534, .006632094226, -.123496538237805]
[.118123846952113, .732115392321063, .500975850915002, .435588554873168, .1325939066, .424575763674511, 1.432645175, .006883048848, -.121803049650182]
[.116248034735162, .729628830941227, .502230788909556, .436352530669955, .1322085459, .425234364825043, 1.432977636, .006948909577, -.120023475436196]
[.114282544467379, .727151203906879, .503453763456304, .436993009489675, .1318854942, .426041968439628, 1.433385291, .006844454096, -.118157018237842]
[.112237244368992, .724667485243003, .504669344270802, .437541191680564, .1316090070, .426956681522756, 1.433846985, .0066153671, -.116212409454997]
[.110115660247755, .722147191508279, .505919548444375, .438039639591126, .1313576131, .427923058990518, 1.434334724, .006322905006, -.114191766972201]
[.107925623948892, .719544592732829, .507254990817681, .43855532182342, .1310975359, .428869025556534, 1.434812130, .006053972147, -.112101926199023]
[.105679719878673, .71680729019567, .508723640965585, .439169433813402, .1307878286, .429719012745977, 1.435241071, .005906547511, -.109955223993595]
[.103389368557894, .713871776289262, .510377764697121, .439975524870018, .1303813220, .430392997270612, 1.435581176, .005989115554, -.107763317115032]
[.101071533513609, .710681410656675, .512268385816824, .44106536723046, .1298317559, .430806392220556, 1.435789774, .006411903316, -.105542783724387]
[.0987375543968668, .707184506663829, .514448454279723, .442517338236535, .1290996434, .430880415620475, 1.435827126, .007273140758, -.10330363581611]
[.0963985543771727, .703339634825581, .516969755276362, .444396494268293, .1281522389, .43053979796849, 1.435655252, .008660543451, -.101054176403159]
[.0940637937579195, .699127792991363, .519865365312835, .446737297896579, .1269722496, .429736353998886, 1.435249822, .01062578989, -.0987996642423336]
[.0917386341074747, .69453560939929, .523153907395171, .449562047151122, .1255485417, .428445228358875, 1.434598254, .01319839493, -.0965410118781466]
[.0894313145621778, .689583796753929, .526814208959382, .452853917982208, .1238897215, .426687746297812, 1.433711245, .01635458636, -.0942819089529934]
[.087139147816388, .684299364718119, .530815372206492, .456574541967169, .1220152586, .42451088249367, 1.432612422, .02004112872, -.0920152061281271]
[.0848571590960785, .67874934395783, .535093915609835, .46063304007952, .1199710646, .422004314450301, 1.431346965, .02414529955, -.0897323114628242]
[.0825734994302288, .673017778318007, .539576787156429, .464909266006539, .1178177497, .419276473675471, 1.429969541, .02852436314, -.0874194210134184]
[.0802673283056647, .667214148802184, .5441665635519, .46924104610264, .1156370195, .416473066371232, 1.428553680, .03298596887, -.0850577414104124]
[.0779107461159242, .661450305198788, .548748287235428, .473455423310888, .1135159231, .413764243267002, 1.427185315, .037315647, -.0826270165718085]
[.0754833420938631, .655856867440856, .553173467776451, .477366421122881, .1115479766, .411345900606947, 1.425963459, .04127454346, -.0801205739337225]
[.0729543306125595, .65055311368385, .557288675032835, .480790106181168, .1098255936, .409427175501046, 1.424993877, .04461663284, -.0775266293467229]
[.0702938895339102, .645656400105657, .560947122245016, .483546711053901, .1084390425, .408205799924333, 1.424376612, .04710548813, -.0748360557262526]
[.0674755161626504, .641285587992877, .56401155953195, .485458968530106, .1074773147, .407864273840815, 1.424204000, .04851571445, -.0720421903451258]
[.0644816757811705, .637548177503816, .566377146836228, .486374475063725, .1070169162, .408539556806605, 1.424545293, .0486660316, -.0691415852330022]
[.0613024457164918, .634537771351028, .567951735600039, .48616663686773, .1071214338, .41034933663336, 1.425459886, .04740356406, -.0661325512032104]
[.0579432350729469, .632313379548084, .568681065010855, .48476921636235, .1078241988, .413355994103461, 1.426979065, .04464809641, -.063018253707297]
[.0544227968002631, .630910655370298, .568521120253366, .482159816842117, .1091366133, .417601489852198, 1.429123625, .04035991067, -.0598065778840964]
[.0507754363384363, .630332932317234, .567483378759761, .478373681731318, .1110412110, .423053061106343, 1.431876459, .0345822805, -.0565080667395773]
[.0470363815210104, .630552052762225, .56560821567087, .473484949969707, .1135010642, .429648473477559, 1.435205475, .02740122661, -.0531269269568072]
[.0432484728649085, .631516257685844, .563001327664782, .467605661402858, .1164602490, .437244130549946, 1.439037492, .0189770958, -.0496665027556069]
[.0394526551535996, .633151690359422, .559797791564553, .460872744967854, .1198503453, .445663143162458, 1.443282622, .009506144301, -.0461277424017215]
[.0357044995265005, .635379214555547, .556165249191427, .453448275730277, .1235902529, .454668517978547, 1.447820861, -.0007626514791, -.0425283059280546]
[.0320450262801916, .638070797895123, .552268278640952, .445538143712309, .1275767159, .46403195276608, 1.452536847, -.01155888805, -.0388837555500765]
[.0285237181602538, .641097198272555, .548259582683871, .437362101284888, .1316993339, .473516408043179, 1.457311094, -.02259836512, -.0352306379075387]
[.0251693499679344, .644295138652185, .544285326128693, .429158787745538, .1358379669, .482901525047067, 1.462032780, -.03359553011, -.0316007595078328]
[.0220107564258091, .647513578917549, .540462575614276, .42115403795602, .1398786804, .491988531463774, 1.466602166, -.04428603304, -.0280395553192182]
[.0190569668921968, .650591496250591, .536903504275654, .413563630565243, .1437123618, .50059646920749, 1.470928638, -.05442238484, -.0245846020495365]
[.0163154231713945, .653405353066674, .533684825686221, .406556016500257, .1472535801, .508583924376502, 1.474941569, -.06381073781, -.021278025056349]
[.0137843310160577, .655843956274037, .530869090451253, .400273613296352, .1504299020, .515834306227148, 1.478582849, -.0722883751, -.0181566453890231]
[.0114563318724809, .657836811578386, .528484768634874, .394800920162058, .1531980881, .522283314294624, 1.481820632, -.07976104038, -.0152488868196189]
[.0093221648603703, .659334933777108, .526542088473793, .390192728759805, .1555299108, .527895524843398, 1.484637531, -.08617085036, -.0125776029854772]
[.00737745284099101, .660339023834902, .52501349714518, .386446512724824, .1574261873, .532686470946803, 1.487041676, -.09152771323, -.0101611158645423]
[.00560943691092219, .660863685681963, .523867085928587, .383530647905145, .1589025477, .536696025629514, 1.489053337, -.09587517514, -.00800142351215682]
[.00401142354148121, .660964646189776, .523042773193295, .38136805177487, .1599977386, .540003045261397, 1.490712274, -.09931003102, -.00609585728106621]
[.00257410077308362, .660710299231795, .52247603771121, .37986134697827, .1607608847, .542703093091208, 1.492066566, -.1019526212, -.00443170986163355]
[.00129010520247164, .660187260006347, .522091848995185, .378891752588606, .1612520342, .544909723908181, 1.493173261, -.103948329, -.00299132961905224]
[.000156202254756099, .659492312365396, .521809513493881, .378332303389641, .1615354419, .546742798042165, 1.494092534, -.1054518898, -.00175704019794887]
[-.000832935017855307, .658720883875599, .521551287651308, .378054794733055, .1616760280, .548323432567692, 1.494885158, -.1066197889, -.000706820832829802]
[-.00168282067727898, .65796596738872, .52124336129129, .377933731594504, .1617373597, .549769016554424, 1.495610017, -.1076045873, .000182455111407132]
[-.00239969166919252, .657301451435063, .52082559937624, .377866989278018, .1617711722, .551177894687713, 1.496316433, -.1085322619, .00093200346775435]
[-.00298092761061952, .656800879297056, .52023784685937, .377764155995849, .1618232693, .55263606468278, 1.497047525, -.109513716, .00155292839492804]
[-.00343347625391743, .656508010094027, .519446576691916, .377560580236931, .1619264055, .554204568433142, 1.497833892, -.1106280091, .00206238962844796]
[-.00375337846122903, .656464931693145, .51841767458447, .377207624237028, .1621052253, .555929388296715, 1.498698575, -.1119347015, .00246456475100132]
[-.00393982094229928, .656680111632416, .517143726444366, .376695473991582, .1623647077, .557821168796497, 1.499646897, -.1134467491, .00276108244019657]
[-.00399521904522882, .657144899757355, .515630371409516, .376032001414199, .1627008745, .55987556521817, 1.500676663, -.1151565746, .00295421030885845]
[-.00391412364635491, .65784543497458, .513887182480276, .375241745031408, .1631013040, .56207078901846, 1.501776937, -.1170351457, .00303565718550414]
[-.00369887915206601, .658751104489826, .51193579222699, .374360684155123, .1635477760, .564377611391255, 1.502933055, -.1190415344, .00300296922184728]
[-.00334920614372458, .659818108704826, .509806675002111, .373445014696755, .1640118206, .566748659611717, 1.504121266, -.1211106318, .00284737026058313]
[-.00286170430787802, .66100213045728, .507532108051256, .372555643991437, .1644625715, .569129009820621, 1.505314045, -.1231695463, .0025554872053708]
[-.00223760918122262, .662256377964903, .505143756674604, .371750789811756, .1648705169, .571470093689289, 1.506487056, -.1251510112, .00211850388470081]
[-.00147636270051044, .66354009464988, .502670949866659, .371083307873834, .1652088553, .573724423495056, 1.507616515, -.1269917528, .00152605587007237]
[-.000578810623638848, .66481965112333, .500139805637267, .370595184202466, .1654562912, .575851825628855, 1.508682306, -.1286399011, .000770571027791545]
[.00045490182937058, .666067457202904, .497571924993818, .370321581543513, .1655949883, .57781791320808, 1.509667220, -.1300514994, -.000155281312406053]
[.00162110536921778, .667267607285616, .49498277296467, .370278196998295, .1656169814, .579603940067492, 1.510561880, -.1312047066, -.00125194496313774]
[.00291457652691529, .668408107481771, .492380091545893, .370473692825035, .1655178783, .581204219870974, 1.511363454, -.1320903602, -.0025166759317119]
[.00433644883568074, .669500662859476, .489751955220701, .3708945143989, .1653045558, .582634129238992, 1.512079658, -.1327266093, -.00394875940348727]
[.00587763732467461, .670554639435772, .487090663802454, .371516995866054, .1649890220, .583918734765311, 1.512723058, -.1331441205, -.00553509974293442]
[.00753605342836705, .671599212047436, .484377781705591, .372301083407551, .1645915942, .585091097686166, 1.513310219, -.1333889636, -.00726659289118081]
[.00931342118409095, .672672249260084, .481587046384741, .37320050194568, .1641357412, .586190615635102, 1.513860879, -.1335151477, -.00913660423475526]
[.0111988985022663, .673806183737234, .478695879820663, .37415991335227, .1636495200, .587269552472553, 1.514401215, -.1335905223, -.0111239859781297]
[.0131911053702504, .675043111138961, .475665500917765, .375123786894788, .1631610767, .588388624779996, 1.514961633, -.1336883942, -.013216651149052]
[.015276339843146, .676412580934772, .472465747910471, .376036947782799, .1626983682, .589613082491904, 1.515574807, -.133884709, -.0153900235650015]
[.0174542559181986, .677960487540888, .469057575617733, .376840474645972, .1622912416, .591003291735255, 1.516270959, -.1342547058, -.0176324204506282]
[.0197239895053967, .679737334547936, .465420997275883, .377468962897653, .1619728215, .592597735491805, 1.517069350, -.1348639351, -.0199313627507512]
[.0220863574211603, .681786099424402, .461530669988317, .377868775414975, .1617702674, .59443757097467, 1.517990575, -.1357722529, -.0222773928406801]
[.0245410320905737, .684152958830689, .457384261667362, .377980721597154, .1617135541, .596538046576503, 1.519042249, -.1370267355, -.0246596923508586]
[.0270858822649279, .686864945686546, .452970567542934, .377767653544218, .1618214974, .598924263636057, 1.520236921, -.1386668467, -.027067950726831]
[.0297179712219849, .689931072486988, .448281237338454, .377214266049225, .1621018603, .601615348629367, 1.521584140, -.1407145892, -.0294939121590344]
[.0324379358979177, .69335721986411, .44330938450177, .376313683486038, .1625581502, .60462324200436, 1.523089854, -.143182206, -.0319337902720371]
[.0352456192734174, .697129577050701, .438052140897891, .375083016584332, .1631817362, .607951874980884, 1.524756001, -.1460618314, -.0343864225142103]
[.0381350187301788, .701228805556774, .432525693619599, .373538885632391, .1639642469, .611589091352407, 1.526576463, -.149335821, -.0368450777423412]
[.0411052676857461, .705637824675625, .426756247494354, .371701519957174, .1648954905, .615503117184145, 1.528535307, -.1529719013, -.0393095529496587]
[.0441605462036815, .710338689401603, .420767469302079, .369598664121369, .1659614714, .61965742267951, 1.530614226, -.1569300519, -.0417862690559516]
[.0473009048104505, .715307380031062, .414602300439543, .367260552790317, .1671469316, .623995346567318, 1.532784847, -.1611559103, -.0442795283156621]
[.0505341412328443, .720514224528827, .408286652385352, .364734610744969, .1684278917, .628467657683985, 1.535022526, -.1655888494, -.0468045764607805]
[.0538592554102758, .725913313491044, .40185279326855, .362077914364519, .1697754612, .63302505830318, 1.537302594, -.1701619527, -.0493705624116789]
[.0572763828771863, .731456222369826, .395328657936434, .359352402155415, .1711582602, .637619897231718, 1.539601216, -.1748060884, -.0519897851334846]
[.0607851519895665, .737087161310935, .388732230880538, .356629034839063, .1725403011, .642214407727935, 1.541899509, -.1794524653, -.0546762934085744]
[.0643788772744364, .742747498257791, .382091172167411, .353974569955774, .1738876962, .646765856777003, 1.544176111, -.184031582, -.0574388685882784]
[.0680525384163563, .748380691861953, .37543617414816, .351455453155273, .1751666841, .65122391665639, 1.546405867, -.1884690651, -.0602899379929545]
[.0718035957914008, .753934862969515, .368795597734503, .349135534244186, .1763447928, .65553712820243, 1.548563059, -.1926912189, -.0632454472449536]
[.0756324708611842, .759383330375788, .362203570662187, .34705018896385, .1774039906, .659648300334202, 1.550619108, -.1966386008, -.0663206905490812]
[.0795335218374279, .764689944875688, .35568967162725, .345239230844681, .1783239836, .663512168115196, 1.552551399, -.2002563719, -.0695255010194545]
[.0835044321459332, .769816303394564, .349276536896002, .343749696010505, .1790808032, .667085808854677, 1.554338488, -.203486451, -.0728747790033467]
[.0875353572827722, .774714296676027, .342988913598986, .342631430340598, .1796490524, .67033232682047, 1.555961946, -.206272715, -.0763762350287327]
[.0916244003496834, .779353200158863, .336833453723349, .34192205093322, .1800095555, .673231306577129, 1.557411580, -.2085773409, -.0800415578167615]
[.0957684104968347, .783709235862946, .330820154793239, .34164846949549, .1801485945, .675762829596523, 1.558677445, -.2103697117, -.0838786351321079]
[.0999668378389791, .787773456628858, .324968340551134, .341821642262388, .1800605846, .677896186905904, 1.559744195, -.211622613, -.0878952663144278]
[.104216871439974, .79153058971862, .319290763501776, .342457566764369, .1797374068, .679611968013288, 1.560602134, -.2123129745, -.0920960471904734]
[.108517560601624, .794978882023607, .313793820509873, .343556978944371, .1791787287, .68090184512826, 1.561247104, -.212434751, -.0964822906844574]
[.112862447621246, .798105523717611, .308475303303421, .345127548911703, .1783807246, .681775549367403, 1.561683975, -.2119892154, -.101048234116494]
[.117247137946977, .800907344121731, .303333683510331, .347166950643819, .1773446791, .682243072144106, 1.561917746, -.2109844037, -.105787070157103]
[.121667774828214, .803383681162208, .298365779037555, .349670105872346, .1760733030, .682317786996252, 1.561955105, -.2094324662, -.110690600661244]
[.126117823581664, .80554375572086, .293576111727979, .352615587356683, .1745776332, .682011720167527, 1.561802066, -.2073553077, -.115743964870707]
[.13060039816659, .807411668909353, .288961009205857, .35597513237573, .1728721898, .681337541062971, 1.561464962, -.2047797384, -.120939834848599]
[.135114824769779, .809012216599324, .284517039099974, .359714678020652, .1709744392, .680314579384625, 1.560953458, -.2017406056, -.126264811977574]
[.139662165338059, .810370736520439, .280233860641868, .363801709522605, .1689010566, .678968797906144, 1.560280532, -.1982760292, -.131706621568563]
[.144245338743509, .811514718878517, .276096996111835, .368203385507858, .1666688718, .677329206918146, 1.559460687, -.1944262616, -.137254456335374]
[.148869247584984, .812475105090662, .272090877235281, .372885080026487, .1642956028, .675423830581468, 1.558507933, -.1902320043, -.142899425830745]
[.153532741673593, .813277286137244, .268208289736741, .377811659986372, .1617992029, .673277379187325, 1.557434619, -.1857320824, -.148627129834963]
[.158237557474172, .813951046717591, .264440931606356, .382946240644411, .1591984867, .670912047150108, 1.556251838, -.1809647255, -.154426422670723]
[.162982986964041, .814523532013886, .260781202216694, .388252389299808, .1565120098, .668351452298289, 1.554971392, -.1759686533, -.160284249808425]
[.167768454075468, .815016508196103, .257215587743384, .393700885197923, .1537546476, .665624264111151, 1.553607612, -.1707810738, -.166189167879248]
[.17259500743894, .815445591367971, .253730836170199, .3992725371698, .1509361768, .662753836797998, 1.552172169, -.1654293274, -.172134080115594]
[.177465502666121, .815826313809909, .25031334509132, .404950667993801, .1480650851, .659760536239925, 1.550675237, -.1599371587, -.178114847847555]
[.182375605105623, .816167968624851, .24695732237665, .410717513482603, .1451503934, .656663568468994, 1.549126415, -.1543281656, -.184120562269833]
[.187326985131998, .816489442232784, .243654397343233, .416550918152254, .1422033241, .653478001519787, 1.547533229, -.1486260068, -.190146478906947]
[.192322075436248, .816812404323611, .240396175678985, .422426350319978, .1392362786, .650217716423104, 1.545902614, -.142854995, -.196188931467787]
[.197354822382883, .817148689528699, .237180526917278, .42832115360382, .1362606901, .646898323747432, 1.544242368, -.1370392561, -.20223655543557]
[.202423814153885, .817512192791594, .233999949793295, .434216073851489, .1332862561, .643535050302042, 1.542560100, -.1312004408, -.208283732680374]
[.207531110986585, .817919780261731, .23084019189803, .44009262795371, .1303222695, .640146432311498, 1.540865074, -.1253617248, -.214328829097998]
[.212666676989194, .818384738724147, .227690107552847, .445921851562713, .1273832924, .636763094153014, 1.539172603, -.1195604197, -.220356888466265]
[.217832691602065, .818936209716975, .224522829371874, .451670463764939, .1244860411, .63341956213698, 1.537499956, -.1138389059, -.226365465640041]
[.223022814953232, .819595510344747, .221319854965046, .457304557769817, .1216475250, .630149457518711, 1.535863951, -.1082392892, -.232344633285739]
[.228235103839102, .820389319384358, .218056945871995, .462789260489213, .1188852198, .62698705309173, 1.534281740, -.1028046114, -.238289754860498]
[.233463696343265, .821344519443195, .214709449445963, .468084816507574, .1162190409, .623971492850661, 1.532772912, -.09758397504, -.244192583570579]
[.238704096409145, .822490264016196, .211249727374648, .473150585763257, .1136693306, .62114288803211, 1.531357548, -.09262758755, -.250047144380389]
[.243949741893482, .823849608709054, .207654872783223, .477951117286427, .1112538050, .618536474010857, 1.530053293, -.08797930258, -.255846944965962]
[.24919303310684, .825441662432057, .203904811836084, .482454696682649, .1089882922, .616184178439852, 1.528876139, -.08367854616, -.261585513851342]
[.254427042308127, .827277618098779, .199985009607802, .486640280548338, .1068832497, .614108770334088, 1.527837500, -.07975232245, -.2672586061142]
[.259649407814163, .829367794441412, .195880625543625, .490493531515994, .1049457669, .612327096548245, 1.526945823, -.07621975587, -.272867274160241]
[.264855384188101, .831706435705443, .191590203015297, .49401689284127, .1031745046, .610841159490433, 1.526202128, -.07308019938, -.278411678678738]
[.270046453804699, .834287213502026, .187113874671043, .497221036757244, .1015640012, .609643266514536, 1.525602577, -.07032183807, -.283898505603115]
[.275221390080022, .837085789531792, .182469228257676, .50013525009835, .1000994557, .608706809648428, 1.525133865, -.06790940885, -.289332862076612]
[.280384425141987, .840074960489193, .177676226445207, .502798823358819, .9876105843e-1, .607995671781442, 1.524777922, -.06579549195, -.29472541648667]
[.285543971258349, .84321598931048, .172762611145304, .505270082414008, .9751945436e-1, .607458412853843, 1.524509006, -.06391120671, -.30009190483677]
[.29070372785297, .846458424601312, .167767022788796, .507615693821502, .9634111740e-1, .607036292438156, 1.524297719, -.06217793069, -.305443261456745]
[.295871768981736, .849747161839552, .162730025958833, .509913141346674, .9518710603e-1, .606662851118321, 1.524110795, -.0605054794, -.310794961953534]
[.301055232372132, .853026887340778, .157700882697268, .512238793904292, .9401905672e-1, .606263283327337, 1.523910793, -.05879918153, -.316160787250472]
[.30626203013451, .856244637042933, .152733188150974, .514666877320927, .9279969916e-1, .605757717184654, 1.523657730, -.05696257466, -.321554422302239]
[.311497477525671, .859347203119304, .147884385878962, .517268519068289, .9149333597e-1, .605065994174516, 1.523311481, -.05490099748, -.326985898749756]
[.316765186331831, .862289758369444, .143206856487796, .520102312062411, .9007058065e-1, .604118181727338, 1.522837035, -.05253407939, -.332461624828293]
[.32207128694816, .865032079244833, .138741507195608, .523224064924066, .8850346154e-1, .602856414360862, 1.522205415, -.04979078876, -.337989217057828]
[.32741707044838, .867541223861231, .134516185285293, .526674568718173, .8677156290e-1, .60124663086939, 1.521399556, -.04662442933, -.343569186044279]
[.332807014314617, .869795272498056, .130546359854551, .530484835316142, .8485939274e-1, .599267687644101, 1.520408852, -.04300253499, -.349203418738644]
[.338242071069387, .871790276940294, .126833114034043, .534659549759574, .8276468234e-1, .596922749745665, 1.519234858, -.03892432831, -.354887622544372]
[.343718929015964, .873530649982427, .123373881810299, .53918796308401, .8049291069e-1, .594226091308033, 1.517884687, -.03440561766, -.360611733275691]
[.349235416374096, .875045308233064, .120150096519243, .544031016040789, .7806375392e-1, .591211580746586, 1.516375258, -.02949212806, -.366365194651728]
[.354795688208349, .876383756914426, .117131905250314, .549132562801711, .7550544181e-1, .587919396014704, 1.514726651, -.02424414572, -.372143469916408]
[.360394773670436, .877599873404106, .114282030503752, .554420464623809, .7285419904e-1, .584408793416481, 1.512968499, -.01874380302, -.377933545271795]
[.366026739818762, .878756372128488, .111559658764776, .559811211808079, .7015191962e-1, .580742945957239, 1.511132408, -.01308270704, -.383722833292552]
[.371680040973413, .879910130258124, .108914084875049, .565222093138376, .6744006320e-1, .577000643122633, 1.509257815, -.007361660233, -.389495803436891]
[.37733030399039, .881103219684492, .106299069204809, .570573307352986, .6475859960e-1, .573267606593239, 1.507387648, -.001683937821, -.395226963524727]
[.382962394555583, .882383368207485, .103659412326209, .57578985677326, .6214506469e-1, .569626426346167, 1.505563285, .003852153544, -.400902711315198]
[.388551619005883, .883787841833196, .100952568149184, .580798281006911, .5963620234e-1, .566153691044922, 1.503823116, .009152996528, -.406502085679817]
[.394082453396583, .885352348017675, .0981368018398209, .585538341077144, .5726211760e-1, .5629121376389, 1.502198609, .01414184852, -.412015085903094]
[.399533967574648, .887099078460757, .0951800311184336, .589959754883928, .5504792005e-1, .559958000275104, 1.500717982, .01875219563, -.41742763314426]
[.404903995851917, .88905059425142, .0920447446733656, .5940343351097, .5300765254e-1, .557330992410779, 1.499401185, .02294160156, -.422744906865039]
[.410185028691887, .89121462760187, .0887065233103299, .597745214449987, .5114969361e-1, .555061630975431, 1.498263560, .02668040494, -.427966655516522]
[.415375087504515, .893590511453272, .0851543503172484, .601092043263014, .4947415882e-1, .553158924345731, 1.497309665, .02996268235, -.433097039075623]
[.420477271625501, .896175456405347, .0813821611881554, .604082905409213, .4797695064e-1, .551621045339317, 1.496538623, .03279454055, -.438144163699334]
[.425493072320385, .89895403225427, .0774030796853174, .606738832911229, .4664749911e-1, .550426943595572, 1.495939909, .03520220077, -.443112770623048]
[.430427801781111, .901909891528506, .0732350179756418, .609086305330233, .4547251668e-1, .54954671222612, 1.495498550, .03722083933, -.448010030228728]
[.435280649427099, .905013246098724, .0689090774273381, .611160310765865, .4443446524e-1, .548943286762966, 1.495195976, .03889544646, -.452835745320347]
[.440053694133588, .908233084440616, .0644549381059188, .613000549813477, .4351345534e-1, .548578711770412, 1.495013165, .0402745357, -.457591791775358]
[.444746317925539, .911535016237385, .0599047279432811, .614647388909843, .4268927033e-1, .548415953121585, 1.494931551, .04140647823, -.462276772706423]
[.449366995995023, .914894175971321, .0552808592314538, .61614056633894, .4194201267e-1, .548419176676113, 1.494933168, .04233851639, -.466897972248838]
[.453917527014248, .918285791158975, .0506110122802347, .617511717221756, .4125584361e-1, .548554503731915, 1.495001026, .04311161181, -.471455763261851]
[.458402183657299, .921692042435285, .0459187731074458, .618787113094241, .4061761096e-1, .548790130795373, 1.495119179, .04376208087, -.475952883263171]
[.462825297701471, .925106953206047, .0412205378089485, .619979047333066, .4002115908e-1, .549102431158317, 1.495275776, .04431238556, -.480392485827952]
[.467189172915664, .928525944180918, .0365285826742032, .621095741630566, .3946237071e-1, .549474785026366, 1.495462484, .04477806027, -.484776042549619]
[.471495422692156, .931950372632823, .0318469883637134, .622137573172678, .3894105441e-1, .549900608331608, 1.495675999, .04516345506, -.48910491006511]
[.475743719067668, .935379390016209, .0271734928636432, .623105225991688, .3845686548e-1, .55038266825351, 1.495917709, .0454672625, -.493379040517005]
[.47993316748389, .938811782326936, .0224932544127943, .623999140949069, .3800958112e-1, .55093854245785, 1.496196424, .04567875756, -.497598689364148]
[.484060297044468, .942248942125557, .017793511068169, .62481363602259, .3760204237e-1, .551586357174032, 1.496521231, .04578304181, -.501761564192398]
[.488127910417853, .945699322452071, .0130496997307604, .625542100695483, .3723755487e-1, .552350475138298, 1.496904341, .04576073514, -.505871986138776]
[.49213080151909, .949172774637082, .00825315632021809, .62616682487484, .3692497791e-1, .553246369114025, 1.497353506, .04559107707, -.509925721522559]
[.496068048736188, .952684561292563, .00339414277902357, .626668773709328, .3667383346e-1, .554285954704169, 1.497874694, .04525470715, -.513922535182009]
[.499932047649106, .956245803718815, -.00152579524673399, .627025913688153, .3649514390e-1, .55547604868726, 1.498471313, .04473358348, -.517855112008858]
[.503721968098947, .959870763487399, -.00650884049771358, .627220490038292, .3639779108e-1, .556820184088999, 1.499145126, .04401440112, -.521722566485387]
[.507438382204161, .96356764100789, -.0115620771808856, .627243533317871, .3638626180e-1, .558326022556754, 1.499899962, .04308677454, -.525525463257424]
[.51108000153701, .967337189976231, -.0166864068260858, .627092638260145, .3646175941e-1, .55999654583768, 1.500737302, .04194735831, -.529262042279235]
[.514649111817865, .971180014959398, -.0218851459624378, .626769764778748, .3662330400e-1, .56183359755809, 1.501658057, .04059625441, -.532933879537056]
[.518147898240334, .975094496479092, -.0271561335008336, .626279352493205, .3686867578e-1, .563833098028761, 1.502660167, .03903882434, -.536541976905601]
[.521583054032199, .979081174684331, -.03249974919976, .625628589501878, .3719428051e-1, .565988853251461, 1.503740512, .03728347225, -.540091625192956]
[.524958272113421, .983131578708146, -.0379101562703418, .624831740557201, .3759298370e-1, .568291094013565, 1.504894181, .03534526303, -.543584871520002]
[.528277544722946, .987234597857188, -.0433817391532849, .623906533737964, .3805591823e-1, .57072994993912, 1.506116213, .03324148649, -.547024074373158]
[.531543674274455, .991378365308231, -.04890880103114, .622870188260482, .3857447156e-1, .573296755228823, 1.507402251, .03098835498, -.550410515565346]
[.53475944587938, .9955544157957, -.0544826403391672, .621735893187988, .3914204756e-1, .57597939874311, 1.508746216, .02860170851, -.553745358447456]
[.537928659414497, .999757027775436, -.0600936852823768, .62051480260378, .3975306821e-1, .578763547915769, 1.510140915, .02609749649, -.557030774423322]
[.541050057101184, 1.00397754627462, -.0657256723868055, .619215567951306, .4040320762e-1, .581632920051178, 1.511578182, .02349131546, -.560263905945858]
[.544124958030683, 1.00820974296161, -.0713683925521287, .617847025820519, .4108804711e-1, .584575074080557, 1.513051778, .02079646886, -.563444774755957]
[.547154447301321, 1.01244541437129, -.0770145482087553, .616420082720924, .4180213188e-1, .587581018902184, 1.514557195, .01802539099, -.566573455858891]
[.550145534228932, 1.01668305652203, -.0826623854930845, .614944742415492, .4254045848e-1, .590641219076579, 1.516089653, .01519028626, -.56965604831715]
[.553100170794018, 1.02091600291623, -.0883052554091955, .613431148345122, .4329795310e-1, .593746193881026, 1.517644400, .01230340694, -.572693736995749]
[.556028389359937, 1.02514680286557, -.0939424600712405, .611888115285774, .4407020637e-1, .596883906146863, 1.519215410, .009377768162, -.575695833686413]
[.558931252120781, 1.0293680216699, -.0995643701963067, .610325675050679, .4485219930e-1, .600042186627492, 1.520796590, .006427224515, -.57866286677033]
[.561809178476531, 1.03356932172845, -.105158684724646, .608756558030265, .4563756156e-1, .60320629635051, 1.522380562, .003468920507, -.581594894155603]
[.564667730229715, 1.03774441561918, -.110717073154573, .607194814194394, .4641926141e-1, .606359898916125, 1.523959154, .0005218220726, -.584497336960041]
[.567507857614865, 1.04188065975096, -.116223560306454, .605656590553814, .4718921644e-1, .609482858580411, 1.525522291, -.002391419796, -.58737122749521]
[.570323607580594, 1.04595831499485, -.121653562334297, .604158291689397, .4793921411e-1, .612552785540452, 1.527058776, -.005246582727, -.590210954696173]
[.573113013636546, 1.04995867775412, -.126987951988552, .60271985651111, .4865927143e-1, .615548602045475, 1.528558070, -.008018051871, -.59301532278205]
[.575879994706724, 1.05386741408622, -.132214756022676, .601363057150458, .4933848632e-1, .618450361539741, 1.530010200, -.01067976826, -.595789393197546]
[.578622300024123, 1.05766422227394, -.137316351110747, .600109455878116, .4996606040e-1, .621238470807403, 1.531405376, -.01320601818, -.598532330401149]
[.581341440083716, 1.06133408604872, -.142279182945632, .598978825994786, .5053208981e-1, .623893543855245, 1.532733909, -.01557232803, -.601247238332309]
[.584040050330865, 1.06486751707682, -.147095245254554, .597985716716426, .5102928537e-1, .626401399056713, 1.533988716, -.0177607352, -.60393839706525]
[.586714206401253, 1.06825095544568, -.151753244080784, .597141717525421, .5145183957e-1, .628751734496764, 1.535164655, -.01975754601, -.606603528469107]
[.589364681684776, 1.07148438075277, -.156252475645752, .596447886077879, .5179921811e-1, .630941592976502, 1.536260258, -.02156023713, -.609244717084224]
[.591986625817822, 1.07456685575637, -.160589509520567, .595899657100506, .5207370271e-1, .632971762492215, 1.537275931, -.02317213952, -.611858127462494]
[.594579043338157, 1.07750985081219, -.164770000426111, .595482259464223, .5228268595e-1, .634849763013268, 1.538215444, -.02460717297, -.614443268072216]
[.597133195253275, 1.08031478125813, -.168801594546377, .595183650578866, .5243219527e-1, .636594592087114, 1.539088310, -.02588472889, -.616991848837069]
[.599647258800185, 1.08299516709949, -.172706235974371, .59498559135208, .5253136142e-1, .63823438191146, 1.539908607, -.02703378681, -.619502059965513]
[.60211660640838, 1.08555223328774, -.176518830195714, .594881129951758, .5258366435e-1, .639815429120472, 1.540699498, -.02808762996, -.621969539475522]
[.604532721016946, 1.08800587518658, -.180252905661296, .59483643884178, .5260604084e-1, .641364955940316, 1.541474603, -.02908442345, -.624384709785839]
[.60689106396489, 1.09038083722303, -.183926099485361, .594816647040338, .5261595045e-1, .642910552633875, 1.542247725, -.0300632193, -.626741744897559]
[.609182850434282, 1.09269709251492, -.187545251834184, .594787506716779, .5263054081e-1, .644472226205899, 1.543028872, -.0310579425, -.629030440897564]
[.611397945700392, 1.09497565992732, -.191108046673863, .594711915509813, .5266838886e-1, .646061071210039, 1.543823592, -.03209873407, -.631239004451325]
[.613535327318191, 1.09723132083799, -.194622185805262, .594571047990233, .5273892056e-1, .647688450001546, 1.544637569, -.03320447745, -.633365413560456]
[.61559542588777, 1.09946395354135, -.19810490210919, .594365553745272, .5284181101e-1, .649374335210156, 1.545480790, -.03438726508, -.63540981017527]
[.617574851561705, 1.10166941142761, -.201548228637696, .594096322291627, .5297661538e-1, .651113553856293, 1.546350669, -.0356433164, -.637368570038312]
[.619481800961794, 1.10383794533111, -.204962735558587, .593784716736915, .5313263769e-1, .652908046049139, 1.547248174, -.0369604954, -.639250536396888]
[.621317525978451, 1.10595371309026, -.20833053057477, .593451091108006, .5329968699e-1, .654734343641002, 1.548161566, -.03831140416, -.641057800988381]
[.623079253996611, 1.10800033125009, -.211616754387957, .593111656420092, .5346964646e-1, .656553769866801, 1.549071503, -.03966171841, -.642788536026997]
[.62477174773521, 1.10995392229649, -.214799140891476, .592800539625437, .5362542815e-1, .658332445940894, 1.549961042, -.0409689012, -.644449471884036]
[.626399033656193, 1.11179141669992, -.217850068361502, .592550039592815, .5375085889e-1, .660030910333551, 1.550810451, -.04218805771, -.646046821771504]
[.627969384276864, 1.11348799397978, -.220757547948303, .592399609512086, .5382618287e-1, .661622576952825, 1.551606438, -.0432778631, -.647591468314815]
[.629484531348677, 1.1150144459656, -.223506526393857, .592386136598563, .5383292910e-1, .663084996358024, 1.552337777, -.04420117891, -.649087720482493]
[.630951251670868, 1.11635558687283, -.22610025468505, .592535795948818, .5375799101e-1, .664412016488094, 1.553001396, -.04493776088, -.650544244221822]
[.632369410126789, 1.11750324772856, -.228534457340287, .592858138878315, .5359658708e-1, .665597795786772, 1.553594376, -.04547796054, -.65196190758438]
[.633740166011203, 1.11847176754971, -.230818737364727, .59333741264578, .5335660714e-1, .66665302418093, 1.554122066, -.04583830772, -.653341270652237]
[.635054080807325, 1.11927201955226, -.232963733275028, .593949354111705, .5305020285e-1, .667602827592176, 1.554597032, -.0460496945, -.654671519236414]
[.636306224378171, 1.11995822079416, -.234981716593635, .59462344806989, .5271268406e-1, .66847173306337, 1.555031540, -.04617158125, -.65594395237581]
[.637490580518125, 1.1205775333631, -.23690957033228, .59529633600668, .5237577511e-1, .669314351281379, 1.555452900, -.04627777611, -.657148630947045]
[.638603640824255, 1.12119935047262, -.238797367773842, .595881228048659, .5208292975e-1, .670199327225844, 1.555895439, -.04646553038, -.658276708621553]
[.639641283135971, 1.12188160211489, -.240719105623713, .596304305396305, .5187110500e-1, .671223693029191, 1.556407677, -.04684174502, -.659318820999331]
[.640600726218979, 1.12268860521933, -.242753799382614, .596485762261959, .5178025459e-1, .672489408287134, 1.557040597, -.04752016148, -.660266279471378]
[.641486510549116, 1.1236971490667, -.244982577445684, .596339636292007, .5185341577e-1, .674093138555381, 1.557842534, -.04861508635, -.661116895735423]
[.642301932078321, 1.12497781173513, -.247474659579226, .595785781696667, .5213071779e-1, .676119503937681, 1.558855795, -.05022969551, -.661866705871331]
[.643048286911931, 1.12660208014477, -.25028028868922, .594740404055593, .5265412481e-1, .67863463782125, 1.560113443, -.05245795208, -.662508390981089]
[.643736182796611, 1.1286328679055, -.253435350183932, .593140719984513, .5345509389e-1, .68167715172576, 1.561634774, -.05536354818, -.663043652882131]
[.644378994684341, 1.13111437486951, -.256974468072503, .590949181083716, .5455246319e-1, .685281453085519, 1.563436987, -.05899187975, -.663476241137547]
[.644990625813949, 1.13406020315665, -.260906216501769, .58816498046333, .5594669103e-1, .689449942358066, 1.565521274, -.06334545651, -.663811138719842]
[.645595610901785, 1.13749028359743, -.265221561060456, .584792131803517, .5763583878e-1, .694152583531909, 1.567872614, -.06840361389, -.664063515574634]
[.646215139125507, 1.14138107695755, -.269890327879213, .580882335596428, .5959410025e-1, .69933538746216, 1.570464021, -.07410095292, -.664248061357612]
[.646870080700349, 1.14571157402581, -.274849706418658, .576483845112535, .6179740315e-1, .704905389787558, 1.573249025, -.08034989542, -.664380723737593]
[.647584506283193, 1.15042950461116, -.280032227921032, .571686264030377, .6420096243e-1, .710755091840739, 1.576173899, -.08702783165, -.664485803413822]
[.648377114822407, 1.15545835364576, -.28536789962196, .566602213281935, .6674844699e-1, .716775298492884, 1.579184075, -.09399653247, -.664587105374373]
[.649258994208118, 1.16070106794115, -.29077490136575, .561360458459828, .6937540741e-1, .72284589247499, 1.582219522, -.1011005384, -.664706751483975]
[.650243111629959, 1.16605720085506, -.29617759745619, .55609689604819, .7201377956e-1, .728846210476188, 1.585219933, -.1081791969, -.66487424534158]
[.651332421989362, 1.17142139471897, -.301498291994185, .550942127814836, .7459810506e-1, .734660653360513, 1.588127522, -.115077905, -.665113321637004]
[.652531683878741, 1.17668881858913, -.306676694950865, .546029111893917, .7706169328e-1, .740187669291333, 1.590891514, -.1216489125, -.665453468302097]
[.653847889405663, 1.1817791139811, -.311669894799321, .541464650552683, .7935092160e-1, .745343544439267, 1.593470042, -.1277716833, -.665926413109649]
[.655282539996854, 1.18661778322812, -.316441454612788, .537342295860693, .8141877667e-1, .750058337225891, 1.595828110, -.1333423163, -.66655860154617]
[.656830172035539, 1.19115597490408, -.3209642409176, .533716355326459, .8323790870e-1, .754286160090508, 1.597942741, -.1382965484, -.667364823288704]
[.658489170314905, 1.19536618813084, -.325222541751381, .530619915954214, .8479160870e-1, .757993466068642, 1.599797125, -.1425911776, -.668360450566958]
[.660256011934955, 1.19924423699173, -.329219510276008, .528055292552676, .8607861467e-1, .761178100343006, 1.601390150, -.1462222599, -.669551984093346]
[.662127736253611, 1.20279907953497, -.332969290268185, .526009248806131, .8710548401e-1, .763854978565095, 1.602729243, -.1492065864, -.670941661788221]
[.664105279006901, 1.20606952307215, -.336506954046424, .524436689289526, .8789478340e-1, .766067254960915, 1.603835965, -.1515991192, -.672527491049004]
[.666177793901118, 1.20909503045957, -.339859985479116, .523277074045206, .8847685287e-1, .767867792437706, 1.604736739, -.1534709486, -.674291049986713]
[.668338714573822, 1.21193101861472, -.343062244693865, .522455391484241, .8888931503e-1, .769316102070853, 1.605461320, -.1549067273, -.676214186051652]
[.670583719170229, 1.21463698305267, -.346153596551771, .521894198221257, .8917102741e-1, .770478228656289, 1.606042739, -.1559969485, -.678278787011693]
[.672902434046106, 1.21726565005325, -.349174421996874, .521516793996642, .8936048385e-1, .77142942972894, 1.606518639, -.1568375896, -.680458964695482]
[.67529274629423, 1.21987736892227, -.352173491033591, .521247177767789, .8949583282e-1, .772245679853375, 1.606927028, -.1575247268, -.682736471569422]
[.677753028317662, 1.22252119204111, -.355199012675789, .521023655012952, .8960804384e-1, .772999784107665, 1.607304329, -.1581434342, -.685095219457249]
[.68027852632544, 1.22524527598015, -.358284083511576, .520781792788971, .8972946276e-1, .773750006735867, 1.607679693, -.1587713539, -.687516807290661]
[.682868618292404, 1.22808964410022, -.361454303963959, .520472077880843, .8988494681e-1, .774537654680173, 1.608073787, -.1594659807, -.689990294761989]
[.685520519535765, 1.231087824108, -.36472319424339, .520050253864664, .9009671572e-1, .775390757560603, 1.608500639, -.1602731024, -.692504376986822]
[.688232805643693, 1.23425830586336, -.368091632173717, .51949201249877, .9037697667e-1, .776316498489547, 1.608963843, -.1612127041, -.695053531913188]
[.691005379592557, 1.23760657255714, -.371562083613563, .51879048262362, .9072918465e-1, .777319721490729, 1.609465825, -.1622922667, -.69763588609689]
[.693839978350385, 1.24112631643109, -.375130956816395, .517955377956117, .9114846951e-1, .778392602979267, 1.610002672, -.1635007565, -.700254718225196]
[.696741637770172, 1.24480672019849, -.378795672555321, .517005926349299, .9162518459e-1, .779522836965105, 1.610568230, -.1648182727, -.702918295038267]
[.699707992987946, 1.24862241742646, -.382538631641032, .515970084099385, .9214529982e-1, .780686847963917, 1.611150703, -.1662122315, -.705629861578386]
[.702743508933476, 1.25254467093375, -.386353064287849, .514888281184634, .9268851942e-1, .781863893643128, 1.611739712, -.1676439126, -.708401006786288]
[.70583902321057, 1.2565272008065, -.390212095322533, .513805777150875, .9323211854e-1, .783023841990862, 1.612320180, -.1690655448, -.711231565088347]
[.709002702995888, 1.26054626844454, -.394097741257536, .512761528023963, .9375653344e-1, .784126474270453, 1.612871978, -.1704269118, -.714139245149607]
[.712229075835589, 1.26456275121595, -.39798662718071, .511796669800511, .9424110175e-1, .785141451565687, 1.613379922, -.1716826354, -.717127640308411]
[.715524333028436, 1.26856502593741, -.401851691932647, .510933037206282, .9467485164e-1, .786021805956979, 1.613820502, -.172788997, -.720211442983949]
[.718886740476121, 1.27251814226564, -.4056746486641, .510211300305681, .9503734969e-1, .78673859008206, 1.614179229, -.1737017359, -.723398153007847]
[.722316434334742, 1.27639230849008, -.40943984347136, .509668130990097, .9531016902e-1, .787264446373685, 1.614442407, -.1743801253, -.726696494496706]
[.725811465447441, 1.2801659110404, -.41314472841124, .509327655008978, .9548118457e-1, .787593786861823, 1.614607234, -.1748052232, -.730108956832494]
[.729365512616412, 1.28381711250662, -.416788537766492, .509208902498309, .9554083269e-1, .787730014961346, 1.614675414, -.1749670546, -.733631800817376]
[.732983649048504, 1.28734864629982, -.420374661584129, .509314757840114, .9548766267e-1, .787670301868209, 1.614645529, -.1748619709, -.737270948163042]
[.736664366805875, 1.2907695807984, -.423892479149082, .509632272904038, .9532817983e-1, .787405306779503, 1.614512904, -.1744922763, -.741024063041601]
[.740404100804995, 1.29409558764652, -.427345629135017, .51013787845695, .9507422710e-1, .786948762407916, 1.614284415, -.1738816931, -.744882551563244]
[.744204058886535, 1.29735612454533, -.430745087961881, .510796972659358, .9474319018e-1, .786319762944913, 1.613969619, -.1730643675, -.74884037592946]
[.74805866060329, 1.30058146050161, -.434105722340362, .51156567395848, .9435711511e-1, .785552737417071, 1.613585752, -.1720900654, -.752881767958237]
[.751966823060691, 1.30380760156067, -.437453490206513, .512398614274639, .9393879234e-1, .784690691711317, 1.613154338, -.1710149169, -.756994450644913]
[.755920202658443, 1.30706664908414, -.440808763861739, .513246368979839, .9351304636e-1, .783779221463706, 1.612698199, -.169899232, -.761158292150963]
[.759923290741185, 1.31040471318566, -.444205028341799, .514058131229257, .9310539188e-1, .782864192922345, 1.612240287, -.1688043242, -.765366071590966]
[.763963507301588, 1.31384808642303, -.447658473617538, .514786495278053, .9273963189e-1, .781990286104107, 1.611802962, -.1677885536, -.769594366117595]
[.768040227899992, 1.31743199595696, -.451197066851675, .5153877789164, .9243769680e-1, .781201058456092, 1.611408019, -.1669071711, -.77383256334985]
[.772148231454352, 1.32117840340436, -.454839314582539, .515828894856287, .9221619544e-1, .780531906721945, 1.611073169, -.1662035164, -.778067852540066]
[.776284800105856, 1.32510414861267, -.458600476385394, .516086053467484, .9208706825e-1, .780009296460892, 1.610811654, -.1657093717, -.782292104122486]
[.780446176562484, 1.32919740119165, -.462473149599871, .516169145371536, .9204534560e-1, .779626563202299, 1.610620134, -.1654141947, -.786503877395207]
[.784636752321, 1.33344379874963, -.466444701712093, .516101058688713, .9207953372e-1, .779357967696876, 1.610485730, -.1652871438, -.790713382076033]
[.788857271582058, 1.33780574364581, -.470484539773205, .515928553319523, .9216615370e-1, .779155666770149, 1.610384500, -.1652682643, -.794932429461993]
[.793113231683404, 1.34223751532683, -.47455924088907, .515714092525869, .9227384169e-1, .778959588187109, 1.610286384, -.1652799119, -.799180818020094]
[.797404673820671, 1.34665454818806, -.478615438280582, .515560884097335, .9235077346e-1, .778684395015185, 1.610148681, -.1652026186, -.80348076672431]
[.801738553438404, 1.35096726461801, -.482596210359748, .515586701629488, .9233780946e-1, .77822900508022, 1.609920810, -.1648977204, -.807864857034329]
[.806117633100046, 1.35505895077321, -.486436285575703, .515937280181891, .9216177167e-1, .777482736521541, 1.609547393, -.1642028041, -.812365756145772]
[.810552940182885, 1.35882400304828, -.490064798923096, .516754746740358, .9175130415e-1, .77631879697465, 1.608964993, -.1629476709, -.817024664230804]
[.815057257554724, 1.36216206869607, -.493412359317313, .518176657138145, .9103736929e-1, .774612786226933, 1.608111379, -.1609667973, -.821881882574881]
[.819634599950389, 1.3649667696019, -.496401467884057, .520336692528419, .8995291407e-1, .772245075845765, 1.606926725, -.1581005582, -.82696498242228]
[.824301066476265, 1.36716008044447, -.498973957215932, .523347932019116, .8844128481e-1, .769113288409502, 1.605359853, -.1542138716, -.83230505188145]
[.829062610397104, 1.36866463746676, -.501066526717933, .527309287366634, .8645300948e-1, .765129659757446, 1.603366915, -.14919056, -.837914429462404]
[.833935663958349, 1.36945796323095, -.502643054033822, .532264519773945, .8396637074e-1, .760242744938577, 1.600922256, -.1429729848, -.843799772393325]
[.838934836403636, 1.36953930994956, -.503676335794577, .538227714969687, .8097460372e-1, .754425435709525, 1.598012405, -.1355381807, -.849954408632047]
[.844069564877726, 1.36895811912034, -.504167430305748, .545145014589173, .7750506534e-1, .747707142221379, 1.594652161, -.1269419847, -.856349513645697]
[.849348971808668, 1.3677860952155, -.504134884444849, .552934929142406, .7359896267e-1, .74014528113154, 1.590870316, -.1172751081, -.862948792749796]
[.854783281483652, 1.36612241496481, -.503618477453663, .561484289273996, .6931334284e-1, .731825579059343, 1.586709788, -.1066654558, -.869712318398877]
[.860375383841245, 1.36408196939401, -.502683973147998, .570652877002783, .6471873126e-1, .722874064269617, 1.582233609, -.09528235034, -.876591264762757]
[.866114225362482, 1.36188893708507, -.501473819629415, .580154225584506, .5995880665e-1, .713532808347814, 1.577562783, -.08345846625, -.883513388790907]
